[
  {
    "content": "configuring proxies",
    "dockerAPI": "starting",
    "hasServerTimestamp": false,
    "mode": "linux",
    "recovery": {
      "id": "",
      "message": "",
      "title": ""
    },
    "timestamp": 1766634320372538600
  },
  {
    "content": "closing API proxies",
    "dockerAPI": "stopping",
    "hasServerTimestamp": false,
    "mode": "linux",
    "recovery": {
      "id": "",
      "message": "",
      "title": ""
    },
    "timestamp": 1766634320632576200
  },
  {
    "content": "API proxies closed",
    "dockerAPI": "stopped",
    "hasServerTimestamp": false,
    "mode": "linux",
    "recovery": {
      "id": "",
      "message": "",
      "title": ""
    },
    "timestamp": 1766634320639112600
  },
  {
    "content": "closing API proxies",
    "dockerAPI": "stopping",
    "hasServerTimestamp": false,
    "mode": "linux",
    "recovery": {
      "id": "",
      "message": "",
      "title": ""
    },
    "timestamp": 1766634320641771900
  },
  {
    "content": "API proxies closed",
    "dockerAPI": "stopped",
    "hasServerTimestamp": false,
    "mode": "linux",
    "recovery": {
      "id": "",
      "message": "",
      "title": ""
    },
    "timestamp": 1766634320642272800
  },
  {
    "content": "",
    "hasServerTimestamp": false,
    "idle": "running",
    "recovery": {
      "id": "",
      "message": "",
      "title": ""
    },
    "timestamp": 1766634320381010200
  },
  {
    "content": "configuring proxies",
    "dockerAPI": "starting",
    "hasServerTimestamp": false,
    "mode": "linux",
    "recovery": {
      "id": "",
      "message": "",
      "title": ""
    },
    "timestamp": 1766634324582731900
  },
  {
    "content": "closing API proxies",
    "dockerAPI": "stopping",
    "hasServerTimestamp": false,
    "mode": "linux",
    "recovery": {
      "id": "",
      "message": "",
      "title": ""
    },
    "timestamp": 1766634324777839900
  },
  {
    "content": "API proxies closed",
    "dockerAPI": "stopped",
    "hasServerTimestamp": false,
    "mode": "linux",
    "recovery": {
      "id": "",
      "message": "",
      "title": ""
    },
    "timestamp": 1766634324794659200
  },
  {
    "content": "configuring proxies",
    "dockerAPI": "starting",
    "hasServerTimestamp": false,
    "mode": "linux",
    "recovery": {
      "id": "",
      "message": "",
      "title": ""
    },
    "timestamp": 1766634324810663800
  },
  {
    "content": "",
    "docker": "starting",
    "hasServerTimestamp": false,
    "mode": "linux",
    "recovery": {
      "id": "",
      "message": "",
      "title": ""
    },
    "sessionID": "ebf795c2-bb74-43cf-a41b-fdc26bde9609",
    "source": "engines",
    "timestamp": 1766634341070115000
  },
  {
    "content": "",
    "docker": "stopping",
    "hasServerTimestamp": false,
    "mode": "linux",
    "recovery": {
      "id": "",
      "message": "",
      "title": ""
    },
    "sessionID": "ebf795c2-bb74-43cf-a41b-fdc26bde9609",
    "source": "engines",
    "timestamp": 1766634424366761600
  },
  {
    "content": "",
    "docker": "stopped",
    "error": "{\"type\":\"*errordef.dockerDesktopError\",\"component\":\"engines\",\"originalError\":{\"type\":\"*errors.joinError\",\"errors\":[{\"type\":\"*errordef.dockerDesktopError\",\"component\":\"engines\",\"originalError\":{\"type\":\"*errors.fundamental\",\"description\":\"engine linux/wsl failed to start: starting WSL engine: installing main distribution: importing distribution: importing WSL distro: running wslexec: The operation timed out because a response was not received from the virtual machine or container. Wsl/Service/RegisterDistro/CreateVm/HCS_E_CONNECTION_TIMEOUT: c:\\\\windows\\\\system32\\\\wsl.exe --import-in-place docker-desktop \\u003chome\\u003e\\\\appdata\\\\local\\\\docker\\\\wsl\\\\main\\\\ext4.vhdx: exit status 0xffffffff (stderr: , wslErrorCode: Wsl/Service/RegisterDistro/CreateVm/HCS_E_CONNECTION_TIMEOUT)\",\"stacktrace\":[\"github.com/docker/pinata/common/pkg/errordef.helper.Wrapf\\n\\tgithub.com/docker/pinata/common/pkg/errordef/helper.go:59\",\"github.com/docker/pinata/common/cmd/com.docker.backend/internal/engines.(*runningEngine).run\\n\\tgithub.com/docker/pinata/common/cmd/com.docker.backend/internal/engines/running_engine.go:188\",\"github.com/docker/pinata/common/cmd/com.docker.backend/internal/engines.(*runningEngine).Run\\n\\tgithub.com/docker/pinata/common/cmd/com.docker.backend/internal/engines/running_engine.go:152\",\"github.com/docker/pinata/common/cmd/com.docker.backend/internal/engines.(*runningEngine).Start\\n\\tgithub.com/docker/pinata/common/cmd/com.docker.backend/internal/engines/running_engine.go:97\",\"github.com/docker/pinata/common/cmd/com.docker.backend/internal/engines.(*Engines).doStart\\n\\tgithub.com/docker/pinata/common/cmd/com.docker.backend/internal/engines/engines.go:156\",\"github.com/docker/pinata/common/cmd/com.docker.backend/internal/engines.(*Engines).Run\\n\\tgithub.com/docker/pinata/common/cmd/com.docker.backend/internal/engines/engines.go:290\",\"main.start.func6\\n\\tgithub.com/docker/pinata/common/cmd/com.docker.backend/backend.go:557\",\"runtime.goexit\\n\\truntime/asm_amd64.s:1693\"]},\"creationTime\":1766634424995812500,\"creationFile\":\"common/cmd/com.docker.backend/internal/engines/running_engine.go\",\"creationLine\":188,\"wrappedError\":{\"type\":\"*errordef.dockerDesktopError\",\"component\":\"wsl\",\"originalError\":{\"type\":\"*errors.fundamental\",\"description\":\"starting WSL engine: installing main distribution: importing distribution: importing WSL distro: running wslexec: The operation timed out because a response was not received from the virtual machine or container. Wsl/Service/RegisterDistro/CreateVm/HCS_E_CONNECTION_TIMEOUT: c:\\\\windows\\\\system32\\\\wsl.exe --import-in-place docker-desktop \\u003chome\\u003e\\\\appdata\\\\local\\\\docker\\\\wsl\\\\main\\\\ext4.vhdx: exit status 0xffffffff (stderr: , wslErrorCode: Wsl/Service/RegisterDistro/CreateVm/HCS_E_CONNECTION_TIMEOUT)\",\"stacktrace\":[\"github.com/docker/pinata/common/pkg/errordef.helper.Wrap\\n\\tgithub.com/docker/pinata/common/pkg/errordef/helper.go:52\",\"github.com/docker/pinata/common/cmd/com.docker.backend/internal/engines/wsl.(*Engine).checkError\\n\\tgithub.com/docker/pinata/common/cmd/com.docker.backend/internal/engines/wsl/engine_windows.go:131\",\"github.com/docker/pinata/common/cmd/com.docker.backend/internal/engines/wsl.(*Engine).Run\\n\\tgithub.com/docker/pinata/common/cmd/com.docker.backend/internal/engines/wsl/engine_windows.go:86\",\"github.com/docker/pinata/common/cmd/com.docker.backend/internal/engines.(*runningEngine).run\\n\\tgithub.com/docker/pinata/common/cmd/com.docker.backend/internal/engines/running_engine.go:184\",\"github.com/docker/pinata/common/cmd/com.docker.backend/internal/engines.(*runningEngine).Run\\n\\tgithub.com/docker/pinata/common/cmd/com.docker.backend/internal/engines/running_engine.go:152\",\"github.com/docker/pinata/common/cmd/com.docker.backend/internal/engines.(*runningEngine).Start\\n\\tgithub.com/docker/pinata/common/cmd/com.docker.backend/internal/engines/running_engine.go:97\",\"github.com/docker/pinata/common/cmd/com.docker.backend/internal/engines.(*Engines).doStart\\n\\tgithub.com/docker/pinata/common/cmd/com.docker.backend/internal/engines/engines.go:156\",\"github.com/docker/pinata/common/cmd/com.docker.backend/internal/engines.(*Engines).Run\\n\\tgithub.com/docker/pinata/common/cmd/com.docker.backend/internal/engines/engines.go:290\",\"main.start.func6\\n\\tgithub.com/docker/pinata/common/cmd/com.docker.backend/backend.go:557\",\"runtime.goexit\\n\\truntime/asm_amd64.s:1693\"]},\"creationTime\":1766634424366207200,\"creationFile\":\"common/cmd/com.docker.backend/internal/engines/wsl/engine_windows.go\",\"creationLine\":131,\"wrappedError\":{\"type\":\"*errordef.dockerDesktopError\",\"component\":\"wsl\",\"originalError\":{\"type\":\"*errors.fundamental\",\"description\":\"installing main distribution: importing distribution: importing WSL distro: running wslexec: The operation timed out because a response was not received from the virtual machine or container. Wsl/Service/RegisterDistro/CreateVm/HCS_E_CONNECTION_TIMEOUT: c:\\\\windows\\\\system32\\\\wsl.exe --import-in-place docker-desktop \\u003chome\\u003e\\\\appdata\\\\local\\\\docker\\\\wsl\\\\main\\\\ext4.vhdx: exit status 0xffffffff (stderr: , wslErrorCode: Wsl/Service/RegisterDistro/CreateVm/HCS_E_CONNECTION_TIMEOUT)\",\"stacktrace\":[\"github.com/docker/pinata/common/pkg/errordef.helper.Wrap\\n\\tgithub.com/docker/pinata/common/pkg/errordef/helper.go:52\",\"github.com/docker/pinata/win/backend/wsl.Config.Run\\n\\tgithub.com/docker/pinata/win/backend/wsl/config.go:42\",\"github.com/docker/pinata/common/cmd/com.docker.backend/internal/engines/wsl.(*Engine).Run\\n\\tgithub.com/docker/pinata/common/cmd/com.docker.backend/internal/engines/wsl/engine_windows.go:85\",\"github.com/docker/pinata/common/cmd/com.docker.backend/internal/engines.(*runningEngine).run\\n\\tgithub.com/docker/pinata/common/cmd/com.docker.backend/internal/engines/running_engine.go:184\",\"github.com/docker/pinata/common/cmd/com.docker.backend/internal/engines.(*runningEngine).Run\\n\\tgithub.com/docker/pinata/common/cmd/com.docker.backend/internal/engines/running_engine.go:152\",\"github.com/docker/pinata/common/cmd/com.docker.backend/internal/engines.(*runningEngine).Start\\n\\tgithub.com/docker/pinata/common/cmd/com.docker.backend/internal/engines/running_engine.go:97\",\"github.com/docker/pinata/common/cmd/com.docker.backend/internal/engines.(*Engines).doStart\\n\\tgithub.com/docker/pinata/common/cmd/com.docker.backend/internal/engines/engines.go:156\",\"github.com/docker/pinata/common/cmd/com.docker.backend/internal/engines.(*Engines).Run\\n\\tgithub.com/docker/pinata/common/cmd/com.docker.backend/internal/engines/engines.go:290\",\"main.start.func6\\n\\tgithub.com/docker/pinata/common/cmd/com.docker.backend/backend.go:557\",\"runtime.goexit\\n\\truntime/asm_amd64.s:1693\"]},\"creationTime\":1766634424366207200,\"creationFile\":\"win/backend/wsl/config.go\",\"creationLine\":42,\"wrappedError\":{\"type\":\"*errordef.dockerDesktopError\",\"component\":\"distro\",\"originalError\":{\"type\":\"*errors.fundamental\",\"description\":\"importing distribution: importing WSL distro: running wslexec: The operation timed out because a response was not received from the virtual machine or container. Wsl/Service/RegisterDistro/CreateVm/HCS_E_CONNECTION_TIMEOUT: c:\\\\windows\\\\system32\\\\wsl.exe --import-in-place docker-desktop \\u003chome\\u003e\\\\appdata\\\\local\\\\docker\\\\wsl\\\\main\\\\ext4.vhdx: exit status 0xffffffff (stderr: , wslErrorCode: Wsl/Service/RegisterDistro/CreateVm/HCS_E_CONNECTION_TIMEOUT)\",\"stacktrace\":[\"github.com/docker/pinata/common/pkg/errordef.helper.Wrap\\n\\tgithub.com/docker/pinata/common/pkg/errordef/helper.go:52\",\"github.com/docker/pinata/win/backend/wsl/distro.(*Distro).CreateMainDistro\\n\\tgithub.com/docker/pinata/win/backend/wsl/distro/distro.go:53\",\"github.com/docker/pinata/win/backend/wsl.Config.Run\\n\\tgithub.com/docker/pinata/win/backend/wsl/config.go:41\",\"github.com/docker/pinata/common/cmd/com.docker.backend/internal/engines/wsl.(*Engine).Run\\n\\tgithub.com/docker/pinata/common/cmd/com.docker.backend/internal/engines/wsl/engine_windows.go:85\",\"github.com/docker/pinata/common/cmd/com.docker.backend/internal/engines.(*runningEngine).run\\n\\tgithub.com/docker/pinata/common/cmd/com.docker.backend/internal/engines/running_engine.go:184\",\"github.com/docker/pinata/common/cmd/com.docker.backend/internal/engines.(*runningEngine).Run\\n\\tgithub.com/docker/pinata/common/cmd/com.docker.backend/internal/engines/running_engine.go:152\",\"github.com/docker/pinata/common/cmd/com.docker.backend/internal/engines.(*runningEngine).Start\\n\\tgithub.com/docker/pinata/common/cmd/com.docker.backend/internal/engines/running_engine.go:97\",\"github.com/docker/pinata/common/cmd/com.docker.backend/internal/engines.(*Engines).doStart\\n\\tgithub.com/docker/pinata/common/cmd/com.docker.backend/internal/engines/engines.go:156\",\"github.com/docker/pinata/common/cmd/com.docker.backend/internal/engines.(*Engines).Run\\n\\tgithub.com/docker/pinata/common/cmd/com.docker.backend/internal/engines/engines.go:290\",\"main.start.func6\\n\\tgithub.com/docker/pinata/common/cmd/com.docker.backend/backend.go:557\",\"runtime.goexit\\n\\truntime/asm_amd64.s:1693\"]},\"creationTime\":1766634424366207200,\"creationFile\":\"win/backend/wsl/distro/distro.go\",\"creationLine\":53,\"wrappedError\":{\"type\":\"*errordef.dockerDesktopError\",\"component\":\"distro\",\"originalError\":{\"type\":\"*errors.fundamental\",\"description\":\"importing WSL distro: running wslexec: The operation timed out because a response was not received from the virtual machine or container. Wsl/Service/RegisterDistro/CreateVm/HCS_E_CONNECTION_TIMEOUT: c:\\\\windows\\\\system32\\\\wsl.exe --import-in-place docker-desktop \\u003chome\\u003e\\\\appdata\\\\local\\\\docker\\\\wsl\\\\main\\\\ext4.vhdx: exit status 0xffffffff (stderr: , wslErrorCode: Wsl/Service/RegisterDistro/CreateVm/HCS_E_CONNECTION_TIMEOUT)\",\"stacktrace\":[\"github.com/docker/pinata/common/pkg/errordef.helper.Wrap\\n\\tgithub.com/docker/pinata/common/pkg/errordef/helper.go:52\",\"github.com/docker/pinata/common/pkg/windows/wsl/wsldistro.(*wslDistro).ImportInPlace\\n\\tgithub.com/docker/pinata/common/pkg/windows/wsl/wsldistro/distro.go:218\",\"github.com/docker/pinata/win/backend/wsl/distro.(*Distro).CreateMainDistro\\n\\tgithub.com/docker/pinata/win/backend/wsl/distro/distro.go:51\",\"github.com/docker/pinata/win/backend/wsl.Config.Run\\n\\tgithub.com/docker/pinata/win/backend/wsl/config.go:41\",\"github.com/docker/pinata/common/cmd/com.docker.backend/internal/engines/wsl.(*Engine).Run\\n\\tgithub.com/docker/pinata/common/cmd/com.docker.backend/internal/engines/wsl/engine_windows.go:85\",\"github.com/docker/pinata/common/cmd/com.docker.backend/internal/engines.(*runningEngine).run\\n\\tgithub.com/docker/pinata/common/cmd/com.docker.backend/internal/engines/running_engine.go:184\",\"github.com/docker/pinata/common/cmd/com.docker.backend/internal/engines.(*runningEngine).Run\\n\\tgithub.com/docker/pinata/common/cmd/com.docker.backend/internal/engines/running_engine.go:152\",\"github.com/docker/pinata/common/cmd/com.docker.backend/internal/engines.(*runningEngine).Start\\n\\tgithub.com/docker/pinata/common/cmd/com.docker.backend/internal/engines/running_engine.go:97\",\"github.com/docker/pinata/common/cmd/com.docker.backend/internal/engines.(*Engines).doStart\\n\\tgithub.com/docker/pinata/common/cmd/com.docker.backend/internal/engines/engines.go:156\",\"github.com/docker/pinata/common/cmd/com.docker.backend/internal/engines.(*Engines).Run\\n\\tgithub.com/docker/pinata/common/cmd/com.docker.backend/internal/engines/engines.go:290\",\"main.start.func6\\n\\tgithub.com/docker/pinata/common/cmd/com.docker.backend/backend.go:557\",\"runtime.goexit\\n\\truntime/asm_amd64.s:1693\"]},\"creationTime\":1766634424366207200,\"creationFile\":\"common/pkg/windows/wsl/wsldistro/distro.go\",\"creationLine\":218,\"wrappedError\":{\"type\":\"*errordef.dockerDesktopError\",\"component\":\"wslexec\",\"originalError\":{\"type\":\"*errors.fundamental\",\"description\":\"running wslexec: The operation timed out because a response was not received from the virtual machine or container. Wsl/Service/RegisterDistro/CreateVm/HCS_E_CONNECTION_TIMEOUT: c:\\\\windows\\\\system32\\\\wsl.exe --import-in-place docker-desktop \\u003chome\\u003e\\\\appdata\\\\local\\\\docker\\\\wsl\\\\main\\\\ext4.vhdx: exit status 0xffffffff\",\"stacktrace\":[\"github.com/docker/pinata/common/pkg/errordef.helper.Wrap\\n\\tgithub.com/docker/pinata/common/pkg/errordef/helper.go:52\",\"github.com/docker/pinata/common/pkg/windows/wsl/wslexec.(*wslCommand).error\\n\\tgithub.com/docker/pinata/common/pkg/windows/wsl/wslexec/exec.go:185\",\"github.com/docker/pinata/common/pkg/windows/wsl/wslexec.(*wslCommand).Run\\n\\tgithub.com/docker/pinata/common/pkg/windows/wsl/wslexec/exec.go:92\",\"github.com/docker/pinata/common/pkg/windows/wsl/wsldistro.(*wslDistro).ImportInPlace\\n\\tgithub.com/docker/pinata/common/pkg/windows/wsl/wsldistro/distro.go:217\",\"github.com/docker/pinata/win/backend/wsl/distro.(*Distro).CreateMainDistro\\n\\tgithub.com/docker/pinata/win/backend/wsl/distro/distro.go:51\",\"github.com/docker/pinata/win/backend/wsl.Config.Run\\n\\tgithub.com/docker/pinata/win/backend/wsl/config.go:41\",\"github.com/docker/pinata/common/cmd/com.docker.backend/internal/engines/wsl.(*Engine).Run\\n\\tgithub.com/docker/pinata/common/cmd/com.docker.backend/internal/engines/wsl/engine_windows.go:85\",\"github.com/docker/pinata/common/cmd/com.docker.backend/internal/engines.(*runningEngine).run\\n\\tgithub.com/docker/pinata/common/cmd/com.docker.backend/internal/engines/running_engine.go:184\",\"github.com/docker/pinata/common/cmd/com.docker.backend/internal/engines.(*runningEngine).Run\\n\\tgithub.com/docker/pinata/common/cmd/com.docker.backend/internal/engines/running_engine.go:152\",\"github.com/docker/pinata/common/cmd/com.docker.backend/internal/engines.(*runningEngine).Start\\n\\tgithub.com/docker/pinata/common/cmd/com.docker.backend/internal/engines/running_engine.go:97\",\"github.com/docker/pinata/common/cmd/com.docker.backend/internal/engines.(*Engines).doStart\\n\\tgithub.com/docker/pinata/common/cmd/com.docker.backend/internal/engines/engines.go:156\",\"github.com/docker/pinata/common/cmd/com.docker.backend/internal/engines.(*Engines).Run\\n\\tgithub.com/docker/pinata/common/cmd/com.docker.backend/internal/engines/engines.go:290\",\"main.start.func6\\n\\tgithub.com/docker/pinata/common/cmd/com.docker.backend/backend.go:557\",\"runtime.goexit\\n\\truntime/asm_amd64.s:1693\"]},\"recovery\":{\"title\":\"There was a problem with WSL\",\"message\":\"An error occurred while running a WSL command. Please check your WSL configuration and try again.\",\"actions\":[\"Quit\",\"Restart\"]},\"creationTime\":1766634424365649300,\"creationFile\":\"common/pkg/windows/wsl/wslexec/exec.go\",\"creationLine\":185,\"wrappedError\":{\"type\":\"*wslexec.CommandError\",\"error\":{\"type\":\"*exec.ExitError\",\"description\":\"exit status 0xffffffff\"},\"message\":\"The operation timed out because a response was not received from the virtual machine or container. Wsl/Service/RegisterDistro/CreateVm/HCS_E_CONNECTION_TIMEOUT: c:\\\\windows\\\\system32\\\\wsl.exe --import-in-place docker-desktop \\u003chome\\u003e\\\\appdata\\\\local\\\\docker\\\\wsl\\\\main\\\\ext4.vhdx\"},\"debuggingData\":{\"stderr\":\"\",\"wslErrorCode\":\"Wsl/Service/RegisterDistro/CreateVm/HCS_E_CONNECTION_TIMEOUT\"}}}}}}}]},\"creationTime\":1766634424996374000,\"creationFile\":\"common/cmd/com.docker.backend/internal/engines/running_engine.go\",\"creationLine\":99,\"wrappedError\":{\"type\":\"*errors.joinError\",\"errors\":[{\"type\":\"*errordef.dockerDesktopError\",\"component\":\"engines\",\"originalError\":{\"type\":\"*errors.fundamental\",\"description\":\"engine linux/wsl failed to start: starting WSL engine: installing main distribution: importing distribution: importing WSL distro: running wslexec: The operation timed out because a response was not received from the virtual machine or container. Wsl/Service/RegisterDistro/CreateVm/HCS_E_CONNECTION_TIMEOUT: c:\\\\windows\\\\system32\\\\wsl.exe --import-in-place docker-desktop \\u003chome\\u003e\\\\appdata\\\\local\\\\docker\\\\wsl\\\\main\\\\ext4.vhdx: exit status 0xffffffff (stderr: , wslErrorCode: Wsl/Service/RegisterDistro/CreateVm/HCS_E_CONNECTION_TIMEOUT)\",\"stacktrace\":[\"github.com/docker/pinata/common/pkg/errordef.helper.Wrapf\\n\\tgithub.com/docker/pinata/common/pkg/errordef/helper.go:59\",\"github.com/docker/pinata/common/cmd/com.docker.backend/internal/engines.(*runningEngine).run\\n\\tgithub.com/docker/pinata/common/cmd/com.docker.backend/internal/engines/running_engine.go:188\",\"github.com/docker/pinata/common/cmd/com.docker.backend/internal/engines.(*runningEngine).Run\\n\\tgithub.com/docker/pinata/common/cmd/com.docker.backend/internal/engines/running_engine.go:152\",\"github.com/docker/pinata/common/cmd/com.docker.backend/internal/engines.(*runningEngine).Start\\n\\tgithub.com/docker/pinata/common/cmd/com.docker.backend/internal/engines/running_engine.go:97\",\"github.com/docker/pinata/common/cmd/com.docker.backend/internal/engines.(*Engines).doStart\\n\\tgithub.com/docker/pinata/common/cmd/com.docker.backend/internal/engines/engines.go:156\",\"github.com/docker/pinata/common/cmd/com.docker.backend/internal/engines.(*Engines).Run\\n\\tgithub.com/docker/pinata/common/cmd/com.docker.backend/internal/engines/engines.go:290\",\"main.start.func6\\n\\tgithub.com/docker/pinata/common/cmd/com.docker.backend/backend.go:557\",\"runtime.goexit\\n\\truntime/asm_amd64.s:1693\"]},\"creationTime\":1766634424995812500,\"creationFile\":\"common/cmd/com.docker.backend/internal/engines/running_engine.go\",\"creationLine\":188,\"wrappedError\":{\"type\":\"*errordef.dockerDesktopError\",\"component\":\"wsl\",\"originalError\":{\"type\":\"*errors.fundamental\",\"description\":\"starting WSL engine: installing main distribution: importing distribution: importing WSL distro: running wslexec: The operation timed out because a response was not received from the virtual machine or container. Wsl/Service/RegisterDistro/CreateVm/HCS_E_CONNECTION_TIMEOUT: c:\\\\windows\\\\system32\\\\wsl.exe --import-in-place docker-desktop \\u003chome\\u003e\\\\appdata\\\\local\\\\docker\\\\wsl\\\\main\\\\ext4.vhdx: exit status 0xffffffff (stderr: , wslErrorCode: Wsl/Service/RegisterDistro/CreateVm/HCS_E_CONNECTION_TIMEOUT)\",\"stacktrace\":[\"github.com/docker/pinata/common/pkg/errordef.helper.Wrap\\n\\tgithub.com/docker/pinata/common/pkg/errordef/helper.go:52\",\"github.com/docker/pinata/common/cmd/com.docker.backend/internal/engines/wsl.(*Engine).checkError\\n\\tgithub.com/docker/pinata/common/cmd/com.docker.backend/internal/engines/wsl/engine_windows.go:131\",\"github.com/docker/pinata/common/cmd/com.docker.backend/internal/engines/wsl.(*Engine).Run\\n\\tgithub.com/docker/pinata/common/cmd/com.docker.backend/internal/engines/wsl/engine_windows.go:86\",\"github.com/docker/pinata/common/cmd/com.docker.backend/internal/engines.(*runningEngine).run\\n\\tgithub.com/docker/pinata/common/cmd/com.docker.backend/internal/engines/running_engine.go:184\",\"github.com/docker/pinata/common/cmd/com.docker.backend/internal/engines.(*runningEngine).Run\\n\\tgithub.com/docker/pinata/common/cmd/com.docker.backend/internal/engines/running_engine.go:152\",\"github.com/docker/pinata/common/cmd/com.docker.backend/internal/engines.(*runningEngine).Start\\n\\tgithub.com/docker/pinata/common/cmd/com.docker.backend/internal/engines/running_engine.go:97\",\"github.com/docker/pinata/common/cmd/com.docker.backend/internal/engines.(*Engines).doStart\\n\\tgithub.com/docker/pinata/common/cmd/com.docker.backend/internal/engines/engines.go:156\",\"github.com/docker/pinata/common/cmd/com.docker.backend/internal/engines.(*Engines).Run\\n\\tgithub.com/docker/pinata/common/cmd/com.docker.backend/internal/engines/engines.go:290\",\"main.start.func6\\n\\tgithub.com/docker/pinata/common/cmd/com.docker.backend/backend.go:557\",\"runtime.goexit\\n\\truntime/asm_amd64.s:1693\"]},\"creationTime\":1766634424366207200,\"creationFile\":\"common/cmd/com.docker.backend/internal/engines/wsl/engine_windows.go\",\"creationLine\":131,\"wrappedError\":{\"type\":\"*errordef.dockerDesktopError\",\"component\":\"wsl\",\"originalError\":{\"type\":\"*errors.fundamental\",\"description\":\"installing main distribution: importing distribution: importing WSL distro: running wslexec: The operation timed out because a response was not received from the virtual machine or container. Wsl/Service/RegisterDistro/CreateVm/HCS_E_CONNECTION_TIMEOUT: c:\\\\windows\\\\system32\\\\wsl.exe --import-in-place docker-desktop \\u003chome\\u003e\\\\appdata\\\\local\\\\docker\\\\wsl\\\\main\\\\ext4.vhdx: exit status 0xffffffff (stderr: , wslErrorCode: Wsl/Service/RegisterDistro/CreateVm/HCS_E_CONNECTION_TIMEOUT)\",\"stacktrace\":[\"github.com/docker/pinata/common/pkg/errordef.helper.Wrap\\n\\tgithub.com/docker/pinata/common/pkg/errordef/helper.go:52\",\"github.com/docker/pinata/win/backend/wsl.Config.Run\\n\\tgithub.com/docker/pinata/win/backend/wsl/config.go:42\",\"github.com/docker/pinata/common/cmd/com.docker.backend/internal/engines/wsl.(*Engine).Run\\n\\tgithub.com/docker/pinata/common/cmd/com.docker.backend/internal/engines/wsl/engine_windows.go:85\",\"github.com/docker/pinata/common/cmd/com.docker.backend/internal/engines.(*runningEngine).run\\n\\tgithub.com/docker/pinata/common/cmd/com.docker.backend/internal/engines/running_engine.go:184\",\"github.com/docker/pinata/common/cmd/com.docker.backend/internal/engines.(*runningEngine).Run\\n\\tgithub.com/docker/pinata/common/cmd/com.docker.backend/internal/engines/running_engine.go:152\",\"github.com/docker/pinata/common/cmd/com.docker.backend/internal/engines.(*runningEngine).Start\\n\\tgithub.com/docker/pinata/common/cmd/com.docker.backend/internal/engines/running_engine.go:97\",\"github.com/docker/pinata/common/cmd/com.docker.backend/internal/engines.(*Engines).doStart\\n\\tgithub.com/docker/pinata/common/cmd/com.docker.backend/internal/engines/engines.go:156\",\"github.com/docker/pinata/common/cmd/com.docker.backend/internal/engines.(*Engines).Run\\n\\tgithub.com/docker/pinata/common/cmd/com.docker.backend/internal/engines/engines.go:290\",\"main.start.func6\\n\\tgithub.com/docker/pinata/common/cmd/com.docker.backend/backend.go:557\",\"runtime.goexit\\n\\truntime/asm_amd64.s:1693\"]},\"creationTime\":1766634424366207200,\"creationFile\":\"win/backend/wsl/config.go\",\"creationLine\":42,\"wrappedError\":{\"type\":\"*errordef.dockerDesktopError\",\"component\":\"distro\",\"originalError\":{\"type\":\"*errors.fundamental\",\"description\":\"importing distribution: importing WSL distro: running wslexec: The operation timed out because a response was not received from the virtual machine or container. Wsl/Service/RegisterDistro/CreateVm/HCS_E_CONNECTION_TIMEOUT: c:\\\\windows\\\\system32\\\\wsl.exe --import-in-place docker-desktop \\u003chome\\u003e\\\\appdata\\\\local\\\\docker\\\\wsl\\\\main\\\\ext4.vhdx: exit status 0xffffffff (stderr: , wslErrorCode: Wsl/Service/RegisterDistro/CreateVm/HCS_E_CONNECTION_TIMEOUT)\",\"stacktrace\":[\"github.com/docker/pinata/common/pkg/errordef.helper.Wrap\\n\\tgithub.com/docker/pinata/common/pkg/errordef/helper.go:52\",\"github.com/docker/pinata/win/backend/wsl/distro.(*Distro).CreateMainDistro\\n\\tgithub.com/docker/pinata/win/backend/wsl/distro/distro.go:53\",\"github.com/docker/pinata/win/backend/wsl.Config.Run\\n\\tgithub.com/docker/pinata/win/backend/wsl/config.go:41\",\"github.com/docker/pinata/common/cmd/com.docker.backend/internal/engines/wsl.(*Engine).Run\\n\\tgithub.com/docker/pinata/common/cmd/com.docker.backend/internal/engines/wsl/engine_windows.go:85\",\"github.com/docker/pinata/common/cmd/com.docker.backend/internal/engines.(*runningEngine).run\\n\\tgithub.com/docker/pinata/common/cmd/com.docker.backend/internal/engines/running_engine.go:184\",\"github.com/docker/pinata/common/cmd/com.docker.backend/internal/engines.(*runningEngine).Run\\n\\tgithub.com/docker/pinata/common/cmd/com.docker.backend/internal/engines/running_engine.go:152\",\"github.com/docker/pinata/common/cmd/com.docker.backend/internal/engines.(*runningEngine).Start\\n\\tgithub.com/docker/pinata/common/cmd/com.docker.backend/internal/engines/running_engine.go:97\",\"github.com/docker/pinata/common/cmd/com.docker.backend/internal/engines.(*Engines).doStart\\n\\tgithub.com/docker/pinata/common/cmd/com.docker.backend/internal/engines/engines.go:156\",\"github.com/docker/pinata/common/cmd/com.docker.backend/internal/engines.(*Engines).Run\\n\\tgithub.com/docker/pinata/common/cmd/com.docker.backend/internal/engines/engines.go:290\",\"main.start.func6\\n\\tgithub.com/docker/pinata/common/cmd/com.docker.backend/backend.go:557\",\"runtime.goexit\\n\\truntime/asm_amd64.s:1693\"]},\"creationTime\":1766634424366207200,\"creationFile\":\"win/backend/wsl/distro/distro.go\",\"creationLine\":53,\"wrappedError\":{\"type\":\"*errordef.dockerDesktopError\",\"component\":\"distro\",\"originalError\":{\"type\":\"*errors.fundamental\",\"description\":\"importing WSL distro: running wslexec: The operation timed out because a response was not received from the virtual machine or container. Wsl/Service/RegisterDistro/CreateVm/HCS_E_CONNECTION_TIMEOUT: c:\\\\windows\\\\system32\\\\wsl.exe --import-in-place docker-desktop \\u003chome\\u003e\\\\appdata\\\\local\\\\docker\\\\wsl\\\\main\\\\ext4.vhdx: exit status 0xffffffff (stderr: , wslErrorCode: Wsl/Service/RegisterDistro/CreateVm/HCS_E_CONNECTION_TIMEOUT)\",\"stacktrace\":[\"github.com/docker/pinata/common/pkg/errordef.helper.Wrap\\n\\tgithub.com/docker/pinata/common/pkg/errordef/helper.go:52\",\"github.com/docker/pinata/common/pkg/windows/wsl/wsldistro.(*wslDistro).ImportInPlace\\n\\tgithub.com/docker/pinata/common/pkg/windows/wsl/wsldistro/distro.go:218\",\"github.com/docker/pinata/win/backend/wsl/distro.(*Distro).CreateMainDistro\\n\\tgithub.com/docker/pinata/win/backend/wsl/distro/distro.go:51\",\"github.com/docker/pinata/win/backend/wsl.Config.Run\\n\\tgithub.com/docker/pinata/win/backend/wsl/config.go:41\",\"github.com/docker/pinata/common/cmd/com.docker.backend/internal/engines/wsl.(*Engine).Run\\n\\tgithub.com/docker/pinata/common/cmd/com.docker.backend/internal/engines/wsl/engine_windows.go:85\",\"github.com/docker/pinata/common/cmd/com.docker.backend/internal/engines.(*runningEngine).run\\n\\tgithub.com/docker/pinata/common/cmd/com.docker.backend/internal/engines/running_engine.go:184\",\"github.com/docker/pinata/common/cmd/com.docker.backend/internal/engines.(*runningEngine).Run\\n\\tgithub.com/docker/pinata/common/cmd/com.docker.backend/internal/engines/running_engine.go:152\",\"github.com/docker/pinata/common/cmd/com.docker.backend/internal/engines.(*runningEngine).Start\\n\\tgithub.com/docker/pinata/common/cmd/com.docker.backend/internal/engines/running_engine.go:97\",\"github.com/docker/pinata/common/cmd/com.docker.backend/internal/engines.(*Engines).doStart\\n\\tgithub.com/docker/pinata/common/cmd/com.docker.backend/internal/engines/engines.go:156\",\"github.com/docker/pinata/common/cmd/com.docker.backend/internal/engines.(*Engines).Run\\n\\tgithub.com/docker/pinata/common/cmd/com.docker.backend/internal/engines/engines.go:290\",\"main.start.func6\\n\\tgithub.com/docker/pinata/common/cmd/com.docker.backend/backend.go:557\",\"runtime.goexit\\n\\truntime/asm_amd64.s:1693\"]},\"creationTime\":1766634424366207200,\"creationFile\":\"common/pkg/windows/wsl/wsldistro/distro.go\",\"creationLine\":218,\"wrappedError\":{\"type\":\"*errordef.dockerDesktopError\",\"component\":\"wslexec\",\"originalError\":{\"type\":\"*errors.fundamental\",\"description\":\"running wslexec: The operation timed out because a response was not received from the virtual machine or container. Wsl/Service/RegisterDistro/CreateVm/HCS_E_CONNECTION_TIMEOUT: c:\\\\windows\\\\system32\\\\wsl.exe --import-in-place docker-desktop \\u003chome\\u003e\\\\appdata\\\\local\\\\docker\\\\wsl\\\\main\\\\ext4.vhdx: exit status 0xffffffff\",\"stacktrace\":[\"github.com/docker/pinata/common/pkg/errordef.helper.Wrap\\n\\tgithub.com/docker/pinata/common/pkg/errordef/helper.go:52\",\"github.com/docker/pinata/common/pkg/windows/wsl/wslexec.(*wslCommand).error\\n\\tgithub.com/docker/pinata/common/pkg/windows/wsl/wslexec/exec.go:185\",\"github.com/docker/pinata/common/pkg/windows/wsl/wslexec.(*wslCommand).Run\\n\\tgithub.com/docker/pinata/common/pkg/windows/wsl/wslexec/exec.go:92\",\"github.com/docker/pinata/common/pkg/windows/wsl/wsldistro.(*wslDistro).ImportInPlace\\n\\tgithub.com/docker/pinata/common/pkg/windows/wsl/wsldistro/distro.go:217\",\"github.com/docker/pinata/win/backend/wsl/distro.(*Distro).CreateMainDistro\\n\\tgithub.com/docker/pinata/win/backend/wsl/distro/distro.go:51\",\"github.com/docker/pinata/win/backend/wsl.Config.Run\\n\\tgithub.com/docker/pinata/win/backend/wsl/config.go:41\",\"github.com/docker/pinata/common/cmd/com.docker.backend/internal/engines/wsl.(*Engine).Run\\n\\tgithub.com/docker/pinata/common/cmd/com.docker.backend/internal/engines/wsl/engine_windows.go:85\",\"github.com/docker/pinata/common/cmd/com.docker.backend/internal/engines.(*runningEngine).run\\n\\tgithub.com/docker/pinata/common/cmd/com.docker.backend/internal/engines/running_engine.go:184\",\"github.com/docker/pinata/common/cmd/com.docker.backend/internal/engines.(*runningEngine).Run\\n\\tgithub.com/docker/pinata/common/cmd/com.docker.backend/internal/engines/running_engine.go:152\",\"github.com/docker/pinata/common/cmd/com.docker.backend/internal/engines.(*runningEngine).Start\\n\\tgithub.com/docker/pinata/common/cmd/com.docker.backend/internal/engines/running_engine.go:97\",\"github.com/docker/pinata/common/cmd/com.docker.backend/internal/engines.(*Engines).doStart\\n\\tgithub.com/docker/pinata/common/cmd/com.docker.backend/internal/engines/engines.go:156\",\"github.com/docker/pinata/common/cmd/com.docker.backend/internal/engines.(*Engines).Run\\n\\tgithub.com/docker/pinata/common/cmd/com.docker.backend/internal/engines/engines.go:290\",\"main.start.func6\\n\\tgithub.com/docker/pinata/common/cmd/com.docker.backend/backend.go:557\",\"runtime.goexit\\n\\truntime/asm_amd64.s:1693\"]},\"recovery\":{\"title\":\"There was a problem with WSL\",\"message\":\"An error occurred while running a WSL command. Please check your WSL configuration and try again.\",\"actions\":[\"Quit\",\"Restart\"]},\"creationTime\":1766634424365649300,\"creationFile\":\"common/pkg/windows/wsl/wslexec/exec.go\",\"creationLine\":185,\"wrappedError\":{\"type\":\"*wslexec.CommandError\",\"error\":{\"type\":\"*exec.ExitError\",\"description\":\"exit status 0xffffffff\"},\"message\":\"The operation timed out because a response was not received from the virtual machine or container. Wsl/Service/RegisterDistro/CreateVm/HCS_E_CONNECTION_TIMEOUT: c:\\\\windows\\\\system32\\\\wsl.exe --import-in-place docker-desktop \\u003chome\\u003e\\\\appdata\\\\local\\\\docker\\\\wsl\\\\main\\\\ext4.vhdx\"},\"debuggingData\":{\"stderr\":\"\",\"wslErrorCode\":\"Wsl/Service/RegisterDistro/CreateVm/HCS_E_CONNECTION_TIMEOUT\"}}}}}}}]}}",
    "hasServerTimestamp": false,
    "mode": "linux",
    "recovery": {
      "id": "ErrorWSLUnknown",
      "message": "An error occurred while running a WSL command. Please check your WSL configuration and try again.",
      "title": "There was a problem with WSL"
    },
    "sessionID": "ebf795c2-bb74-43cf-a41b-fdc26bde9609",
    "source": "engines",
    "timestamp": 1766634425001162900
  },
  {
    "content": "API proxy is serving requests",
    "dockerAPI": "running",
    "hasServerTimestamp": false,
    "mode": "linux",
    "recovery": {
      "id": "",
      "message": "",
      "title": ""
    },
    "timestamp": 1766634430850643200
  }
]