{"AgentSandboxes":{"categories":["AI","Security"],"description":"Enables the Agent Sandboxes feature, to run AI agents in sandboxed environments, isolated from the host system","enabled":true,"label":"","type":"unleash","valueSource":"remote"},"AskGordonAttachment":{"categories":["AI"],"description":"Enables Ask Gordon Attachment","enabled":true,"label":"","type":"unleash","valueSource":"remote"},"AskGordonDesktop":{"categories":["AI"],"description":"Enables Ask Gordon","enabled":true,"label":"","type":"unleash","valueSource":"remote"},"BuildsViewGABanner":{"categories":["Builds","GUI"],"description":"Displays a sign-up form for next generation Docker build","enabled":true,"hidden":true,"label":"","type":"unleash","userFacingDescription":"Displays next gen Docker build sign-up","valueSource":"remote"},"CliCompletions":{"categories":["CLI"],"description":"Enables CLI Completions for macOS","enabled":false,"jira":"DR-1475","label":"","type":"unleash","valueSource":"remote"},"ContainerdEnableAfterReset":{"categories":["Engine"],"description":"Enables the containerd image store when the user resets data","enabled":true,"hidden":true,"jira":"DR-527","label":"","type":"unleash","valueSource":"remote"},"ContainerdEnableByDefault":{"categories":["Engine"],"description":"Enables the containerd image store by default on new installations","enabled":true,"hidden":true,"jira":"DR-527","label":"","type":"unleash","valueSource":"remote"},"CreateContainer":{"categories":["GUI"],"description":"Enables the new create a container in the GUI feature","enabled":false,"label":"","type":"unleash","valueSource":"remote"},"<API_KEY>":{"categories":["GUI"],"description":"Enables the customizable Docker Desktop side navigation","enabled":false,"label":"","type":"unleash","valueSource":"remote"},"DDSV2Theme":{"categories":["GUI"],"description":"Enables new DDS V2 theme for Docker Desktop","enabled":false,"hidden":true,"label":"","type":"unleash","valueSource":"remote"},"DDVersionUpdateHighlights":{"categories":["GUI"],"description":"Enable software update new highlights UI","enabled":true,"jira":"ADUI-1339","label":"","type":"unleash","valueSource":"remote"},"DashboardOutdatedVersionBanner":{"categories":["GUI"],"description":"Enable a banner shown on the dashboard when the running version is severely outdated","enabled":false,"jira":"DKP-2288","label":"","type":"unleash","valueSource":"remote"},"DefaultHostOnlyPortBinding":{"categories":["Networking"],"description":"Allow the setting for default host-only port binding to take effect","enabled":true,"jira":"PRS-612","label":"","type":"unleash","valueSource":"remote"},"DesktopAgentsTab":{"categories":["AI"],"description":"Enable the Agents tab in the dashboard","enabled":false,"label":"","type":"internal","valueSource":"default"},"DesktopCagent":{"categories":["AI"],"description":"Enable cagent-backed GUI in Docker Desktop","enabled":true,"label":"","type":"unleash","valueSource":"remote"},"DesktopContentSecurityPolicy":{"categories":["GUI"],"description":"Set a Content Security Policy for Desktop","enabled":true,"hidden":true,"label":"","type":"unleash","valueSource":"remote"},"DesktopMarlinTracking":{"categories":["Data"],"description":"Use Marlin for Docker Desktop usage tracking","enabled":true,"jira":"DR-2597","label":"","type":"unleash","valueSource":"remote"},"DesktopMonitorTracking":{"categories":["Data"],"description":"Allow the user to monitor analytics emitted by Docker Desktop","enabled":true,"label":"","type":"unleash","valueSource":"remote"},"DesktopOverview":{"categories":["GUI"],"description":"Enables the new dashboard","enabled":false,"label":"","type":"unleash","valueSource":"remote"},"DesktopSegmentTracking":{"categories":["Data"],"description":"Use Segment for Docker Desktop usage tracking","enabled":true,"label":"","type":"unleash","valueSource":"remote"},"DesktopTerminal":{"categories":["GUI"],"description":"Enables the terminal in Docker Desktop","enabled":true,"hidden":true,"jira":"DR-544","label":"","type":"unleash","valueSource":"remote"},"DockerCloud":{"categories":["Cloud"],"description":"Adds Docker Cloud functionality","enabled":false,"label":"","type":"unleash","valueSource":"remote"},"DockerCloudAnnouncement":{"categories":["Cloud"],"description":"Enables the Docker Cloud product announcement dialog","enabled":true,"label":"","type":"unleash","valueSource":"remote"},"DockerFileStepMetadata":{"categories":["GUI","Builds"],"description":"Enables Dockerfile step metadata in Builds view","enabled":false,"label":"","type":"unleash","valueSource":"remote"},"ElectronGuiModule":{"description":"Allow updating Electron UI as a module","enabled":false,"jira":"DR-1703","label":"","type":"unleash","valueSource":"remote"},"ElectronNetworkClientV2":{"categories":["GUI"],"description":"Enable new network client implementation in the dashboard","enabled":false,"label":"","type":"unleash","valueSource":"remote"},"ElectronStatePersistence":{"categories":["GUI"],"description":"Introduces a new mechanism for persisting state from our GUI","enabled":true,"label":"","type":"unleash","valueSource":"remote"},"GroDDOnboardingHome":{"categories":["GUI"],"description":"Enables home onboarding UI elements","enabled":false,"jira":"GRO-67","label":"","type":"unleash","valueSource":"remote"},"GroDDWelcomeSurvey":{"categories":["GUI"],"description":"Enables new welcome survey","enabled":true,"jira":"GRO-44","label":"","type":"unleash","valueSource":"remote"},"HCSEngine":{"description":"Enable the HCS Engine","enabled":false,"label":"","type":"internal","valueSource":"default"},"Harmonia":{"categories":["Cloud"],"description":"Enables Harmonia","enabled":false,"hidden":true,"label":"","type":"internal","valueSource":"default"},"HideSkipBtn":{"categories":["GUI"],"description":"Hides the skip button when the sign in modal displays.","enabled":false,"hidden":true,"jira":"DR-1779","label":"","type":"unleash","valueSource":"remote"},"IPv6":{"categories":["Engine","Networking"],"description":"IPv6 support","enabled":true,"jira":"DR-1656","label":"","type":"unleash","valueSource":"remote"},"InferenceAvailable":{"categories":["AI"],"description":"Makes the inference engine setting available","enabled":true,"label":"","type":"unleash","valueSource":"remote"},"KubernetesReportErrors":{"categories":["Kubernetes"],"description":"Kubernetes: Report cluster start errors","enabled":true,"hidden":true,"label":"","type":"unleash","valueSource":"remote"},"LearningCenterAIML":{"categories":["AI","GUI"],"description":"Enables the AIML section in the Learning Center","enabled":true,"hidden":true,"label":"","type":"unleash","valueSource":"remote"},"LocalModelChatV2":{"categories":["AI","GUI"],"description":"Enables the Local Model Chat feature with MCP support","enabled":false,"label":"","type":"unleash","valueSource":"remote"},"LocalSandboxes":{"categories":["AI","Security"],"description":"Enables the Local Sandboxes feature, to allow AI agents to easily create sandboxed environments to run code in","enabled":false,"label":"","type":"internal","valueSource":"default"},"LoginPromptV2":{"categories":["GUI"],"description":"Enables the new UI for the login prompt","enabled":true,"hidden":true,"jira":"DR-1779","label":"","type":"unleash","valueSource":"remote"},"LoginUpdatePrompt":{"categories":["GUI"],"description":"Enables the new UI for the login prompt via updates","enabled":true,"hidden":true,"jira":"DR-1779","label":"","type":"unleash","valueSource":"remote"},"MCPOnboardingM1":{"categories":["GUI","AI"],"description":"Enable MCP onboarding walkthrough and new UI","enabled":true,"jira":"ADUI-1667","label":"","type":"unleash","valueSource":"remote"},"MCPWorkingSets":{"categories":["GUI","AI"],"description":"Enable the new MCP Profiles feature (Previously known as Working Sets)","enabled":false,"jira":"MCP-28","label":"","type":"unleash","valueSource":"remote"},"McpOauthDcr":{"description":"Enable Dynamic Client Registration (DCR) for automatic OAuth client setup in MCP servers","enabled":true,"label":"","type":"unleash","valueSource":"remote"},"MinimumWSLVersion":{"categories":["Engine"],"description":"Enables the minimum WSL version check","enabled":false,"hidden":true,"label":"","type":"unleash","valueSource":"remote"},"NetworkingUI":{"categories":["GUI","Networking"],"description":"Enables the new networking UI","enabled":false,"jira":"DR-1846","label":"","type":"unleash","valueSource":"remote"},"NightlyBuilds":{"categories":["GUI"],"description":"In the GUI, show the 'use nightly builds' setting","enabled":false,"label":"","type":"unleash","valueSource":"remote"},"OnboardingHomeTab":{"categories":["GUI"],"description":"Enables the new onboarding home tab","enabled":false,"jira":"GRO-89","label":"","type":"unleash","valueSource":"remote"},"ProUser":{"description":"You can upgrade your current tier [here](URL)","enabled":false,"label":"personal","type":"entitlements","valueSource":"entitlement"},"ScoutHealthScoresDesktop":{"categories":["Security"],"description":"Display Scout Health Scores for remote images","enabled":true,"hidden":true,"label":"","type":"unleash","valueSource":"remote"},"ScoutLegacyPlansAreDeprecated":{"categories":["Security"],"description":"Enable UI reflecting new plans/that legacy plans are deprecated","enabled":false,"label":"","type":"unleash","valueSource":"remote"},"ScoutNewLayersListUI":{"categories":["Security"],"description":"Enable the new UI for the layer view list","enabled":false,"label":"","type":"unleash","valueSource":"remote"},"ScoutNotifications":{"categories":["Security"],"description":"Enables Scout notifications","enabled":true,"hidden":true,"label":"","type":"unleash","valueSource":"remote"},"SettingsSearch":{"categories":["GUI"],"description":"Enable settings search","enabled":true,"jira":"ADUI-1260","label":"","type":"unleash","valueSource":"remote"},"SidebarSettingsButton":{"categories":["GUI"],"description":"Moves the Settings button from the top bar into the sidebar.","enabled":false,"label":"","type":"unleash","valueSource":"remote"},"SignInV2":{"description":"Enables the new Auth refreshers","enabled":false,"hidden":true,"jira":"ART-184","label":"","type":"internal","valueSource":"default"},"<API_KEY>":{"description":"Allow both Linux and Windows containers simultaneously using docker cli contexts","enabled":false,"label":"","type":"entitlements","valueSource":"entitlement"},"Stage":{"description":"Connect to hub-stage.docker.com instead of hub.docker.com. Must quit and re-open Docker Desktop to take effect","enabled":false,"label":"","type":"internal","valueSource":"default"},"TrackComposeCliCommands":{"categories":["Compose","Data"],"description":"Track every compose cli command","enabled":true,"label":"","type":"unleash","valueSource":"remote"},"TrackLogs":{"categories":["Data"],"description":"Track logged errors and warnings","enabled":false,"label":"","type":"unleash","valueSource":"remote"},"TrackTrustedImages":{"categories":["Data"],"description":"Track Trusted Images","enabled":false,"hidden":true,"label":"","type":"unleash","valueSource":"remote"},"TrackUIViews":{"categories":["Data"],"description":"Normalized UI view tracking, including page (route) and feature views","enabled":true,"jira":"ADUI-1206","label":"","type":"unleash","valueSource":"remote"},"VolumesCloudBackup":{"categories":["GUI"],"description":"Enables Volumes Backup to the cloud in Docker Desktop","enabled":true,"hidden":true,"jira":"DR-1504","label":"","type":"unleash","valueSource":"remote"},"WSL2MonoDistroMigrationP2_1_1":{"categories":["Engine"],"description":"Enables migration to mono-distro mode for the WSL2 engine","enabled":true,"jira":"DR-1764","label":"","type":"unleash","valueSource":"remote"},"WSL2MonoDistroP1":{"categories":["Engine"],"description":"Enables the mono-distro mode for the WSL2 engine in Docker Desktop (requires factory reset to enable or disable)","enabled":true,"hidden":true,"label":"","type":"internal","valueSource":"default"}}