{
  "0": "eyJPcmdhbml6YXRpb25zIjpudWxsLCJQbGFuTmFtZSI6InBlcnNvbmFsIiwiVXNlcm5hbWUiOiJwcml0aHZpMDk5IiwiRW1haWwiOiJwcml0aHZpYmFudGUxOEBnbWFpbC5jb20ifQ==",
  "1": "DQkqKgwCeNyVxoX1+pWN2p683Wq4yo/1l4BscdzWEVWUTJ/v+H3qfVNdNYnt8QtbQnnxqdTsEy64/iSlXhqxCg==",
  "2": "djFsJ9p4Sl7ofVeiLX84qYGIkMLmgbNF9/kb/NZuPyt7vQ==",
  "3": "2025-12-24 22:45:30.4693216 -0500 EST m=+19.487455101",
  "4": "Qr5ypIdcS1Eqt725nWdMoxmE16GlFk25Mrm7BJjdDyTjdCyO1SY054dt2wtIo1fX+bRPU0Jc4PzToMTMm5+zBg==",
  "5": "djFsJ9p4Sl7ofVeiLX84qYGIkMLmgbNF9/kb/NZuPyt7vQ=="
}
