{
  "date_local": "2025-12-24 22:58:44.1419398 -0500 EST",
  "date_utc": "2025-12-25 03:58:44.1419398 +0000 UTC",
  "date_unix": 1766635124,
  "os_arch": "amd64",
  "os_name": "windows",
  "os_variant": "Microsoft Windows 10 Pro",
  "os_version": "10.0.19045",
  "os_kernel_version": "",
  "os_build_number": "19045",
  "time_boot": "0001-01-01 00:00:00 +0000 UTC",
  "time_up_seconds": 63902231924,
  "hypervisor_status": "",
  "virt_system": "unknown",
  "mem_total": 7481974784,
  "mem_free": 1042022400,
  "cpu_cores": 2,
  "cpu_threads": 2,
  "cpu_family": "AMD64 Family 21 Model 112 Stepping 0",
  "cpu_model": "AMD64 Family 21 Model 112 Stepping 0",
  "cpu_stepping": "AMD64 Family 21 Model 112 Stepping 0",
  "cpu_name": "AMD A6-9225 RADEON R4, 5 COMPUTE CORES 2C+3G   ",
  "cpu_flags": null
}
