{
    "keep": {
        "days": false,
        "amount": 9
    },
    "auditLog": "log\\host\\electron-audit-log.json",
    "files": [
        {
            "date": 1766294360583,
            "name": "log\\host\\electron-2025-12-21.log",
            "hash": "64752b4a28352d18fdf40d5776897dd4"
        },
        {
            "date": 1766449587011,
            "name": "log\\host\\electron-2025-12-22.log",
            "hash": "e62143b385c15137494454969f27a7e4"
        },
        {
            "date": 1766634340947,
            "name": "log\\host\\electron-2025-12-24.log",
            "hash": "d1795090de0ad1e341d73c566ee32185"
        }
    ],
    "hashType": "md5"
}