{
    "keep": {
        "days": false,
        "amount": 9
    },
    "auditLog": "log\\host\\electron-errd-audit-log.json",
    "files": [
        {
            "date": 1766336210812,
            "name": "log\\host\\electron-errd-2025-12-21.log",
            "hash": "250db1e06cf25e49242a351a7d9e487c"
        },
        {
            "date": 1766446576681,
            "name": "log\\host\\electron-errd-2025-12-22.log",
            "hash": "cb0164ccdb13782c36e2a4b5d9af46ff"
        },
        {
            "date": 1766629673440,
            "name": "log\\host\\electron-errd-2025-12-24.log",
            "hash": "db288dec8fdb8d3092e02dd429784605"
        }
    ],
    "hashType": "md5"
}