{
    "keep": {
        "days": false,
        "amount": 5
    },
    "auditLog": "log\\host\\electron-ui-console-audit-log.json",
    "files": [
        {
            "date": 1766294362928,
            "name": "log\\host\\electron-ui-console-2025-12-21.log",
            "hash": "45e68ee968b58a1181a2d74864f09cd3"
        },
        {
            "date": 1766449589420,
            "name": "log\\host\\electron-ui-console-2025-12-22.log",
            "hash": "df9f25d9e8df334381d95c849190a0c4"
        },
        {
            "date": 1766634345662,
            "name": "log\\host\\electron-ui-console-2025-12-24.log",
            "hash": "a9fa9a9613ba4f5eafa226400acbfc22"
        }
    ],
    "hashType": "md5"
}