[
    {
        "Publish":  0,
        "Protocol":  2,
        "Store":  1,
        "AddressFamily":  2,
        "State":  0,
        "ifIndex":  12,
        "Caption":  null,
        "Description":  null,
        "ElementName":  null,
        "InstanceID":  "\u003c??8\u003c??8\u003c??8\u003c??9=\u003c55;\u003c55:8:8:8:55;",
        "AdminDistance":  null,
        "DestinationAddress":  null,
        "IsStatic":  null,
        "RouteMetric":  256,
        "TypeOfRoute":  3,
        "CompartmentId":  1,
        "DestinationPrefix":  "255.255.255.255/32",
        "InterfaceAlias":  "Local Area Connection* 2",
        "InterfaceIndex":  12,
        "InterfaceMetric":  25,
        "NextHop":  "0.0.0.0",
        "PreferredLifetime":  {
                                  "Ticks":  9223372036854775807,
                                  "Days":  10675199,
                                  "Hours":  2,
                                  "Milliseconds":  477,
                                  "Minutes":  48,
                                  "Seconds":  5,
                                  "TotalDays":  10675199.116730064,
                                  "TotalHours":  256204778.80152154,
                                  "TotalMilliseconds":  922337203685477,
                                  "TotalMinutes":  15372286728.091293,
                                  "TotalSeconds":  922337203685.47754
                              },
        "ValidLifetime":  {
                              "Ticks":  9223372036854775807,
                              "Days":  10675199,
                              "Hours":  2,
                              "Milliseconds":  477,
                              "Minutes":  48,
                              "Seconds":  5,
                              "TotalDays":  10675199.116730064,
                              "TotalHours":  256204778.80152154,
                              "TotalMilliseconds":  922337203685477,
                              "TotalMinutes":  15372286728.091293,
                              "TotalSeconds":  922337203685.47754
                          },
        "PSComputerName":  null
    },
    {
        "Publish":  0,
        "Protocol":  2,
        "Store":  1,
        "AddressFamily":  2,
        "State":  0,
        "ifIndex":  26,
        "Caption":  null,
        "Description":  null,
        "ElementName":  null,
        "InstanceID":  "\u003c??8\u003c??8\u003c??8\u003c??9=\u003c55\u003c@55:8:8:8:55;",
        "AdminDistance":  null,
        "DestinationAddress":  null,
        "IsStatic":  null,
        "RouteMetric":  256,
        "TypeOfRoute":  3,
        "CompartmentId":  1,
        "DestinationPrefix":  "255.255.255.255/32",
        "InterfaceAlias":  "vEthernet (Default Switch)",
        "InterfaceIndex":  26,
        "InterfaceMetric":  5000,
        "NextHop":  "0.0.0.0",
        "PreferredLifetime":  {
                                  "Ticks":  9223372036854775807,
                                  "Days":  10675199,
                                  "Hours":  2,
                                  "Milliseconds":  477,
                                  "Minutes":  48,
                                  "Seconds":  5,
                                  "TotalDays":  10675199.116730064,
                                  "TotalHours":  256204778.80152154,
                                  "TotalMilliseconds":  922337203685477,
                                  "TotalMinutes":  15372286728.091293,
                                  "TotalSeconds":  922337203685.47754
                              },
        "ValidLifetime":  {
                              "Ticks":  9223372036854775807,
                              "Days":  10675199,
                              "Hours":  2,
                              "Milliseconds":  477,
                              "Minutes":  48,
                              "Seconds":  5,
                              "TotalDays":  10675199.116730064,
                              "TotalHours":  256204778.80152154,
                              "TotalMilliseconds":  922337203685477,
                              "TotalMinutes":  15372286728.091293,
                              "TotalSeconds":  922337203685.47754
                          },
        "PSComputerName":  null
    },
    {
        "Publish":  0,
        "Protocol":  2,
        "Store":  1,
        "AddressFamily":  2,
        "State":  0,
        "ifIndex":  9,
        "Caption":  null,
        "Description":  null,
        "ElementName":  null,
        "InstanceID":  "\u003c??8\u003c??8\u003c??8\u003c??9=\u003c55C55:8:8:8:55;",
        "AdminDistance":  null,
        "DestinationAddress":  null,
        "IsStatic":  null,
        "RouteMetric":  256,
        "TypeOfRoute":  3,
        "CompartmentId":  1,
        "DestinationPrefix":  "255.255.255.255/32",
        "InterfaceAlias":  "Local Area Connection* 1",
        "InterfaceIndex":  9,
        "InterfaceMetric":  25,
        "NextHop":  "0.0.0.0",
        "PreferredLifetime":  {
                                  "Ticks":  9223372036854775807,
                                  "Days":  10675199,
                                  "Hours":  2,
                                  "Milliseconds":  477,
                                  "Minutes":  48,
                                  "Seconds":  5,
                                  "TotalDays":  10675199.116730064,
                                  "TotalHours":  256204778.80152154,
                                  "TotalMilliseconds":  922337203685477,
                                  "TotalMinutes":  15372286728.091293,
                                  "TotalSeconds":  922337203685.47754
                              },
        "ValidLifetime":  {
                              "Ticks":  9223372036854775807,
                              "Days":  10675199,
                              "Hours":  2,
                              "Milliseconds":  477,
                              "Minutes":  48,
                              "Seconds":  5,
                              "TotalDays":  10675199.116730064,
                              "TotalHours":  256204778.80152154,
                              "TotalMilliseconds":  922337203685477,
                              "TotalMinutes":  15372286728.091293,
                              "TotalSeconds":  922337203685.47754
                          },
        "PSComputerName":  null
    },
    {
        "Publish":  0,
        "Protocol":  2,
        "Store":  1,
        "AddressFamily":  2,
        "State":  0,
        "ifIndex":  16,
        "Caption":  null,
        "Description":  null,
        "ElementName":  null,
        "InstanceID":  "\u003c??8\u003c??8\u003c??8\u003c??9=\u003c55;@55:8:8:8:55;",
        "AdminDistance":  null,
        "DestinationAddress":  null,
        "IsStatic":  null,
        "RouteMetric":  256,
        "TypeOfRoute":  3,
        "CompartmentId":  1,
        "DestinationPrefix":  "255.255.255.255/32",
        "InterfaceAlias":  "Wi-Fi",
        "InterfaceIndex":  16,
        "InterfaceMetric":  55,
        "NextHop":  "0.0.0.0",
        "PreferredLifetime":  {
                                  "Ticks":  9223372036854775807,
                                  "Days":  10675199,
                                  "Hours":  2,
                                  "Milliseconds":  477,
                                  "Minutes":  48,
                                  "Seconds":  5,
                                  "TotalDays":  10675199.116730064,
                                  "TotalHours":  256204778.80152154,
                                  "TotalMilliseconds":  922337203685477,
                                  "TotalMinutes":  15372286728.091293,
                                  "TotalSeconds":  922337203685.47754
                              },
        "ValidLifetime":  {
                              "Ticks":  9223372036854775807,
                              "Days":  10675199,
                              "Hours":  2,
                              "Milliseconds":  477,
                              "Minutes":  48,
                              "Seconds":  5,
                              "TotalDays":  10675199.116730064,
                              "TotalHours":  256204778.80152154,
                              "TotalMilliseconds":  922337203685477,
                              "TotalMinutes":  15372286728.091293,
                              "TotalSeconds":  922337203685.47754
                          },
        "PSComputerName":  null
    },
    {
        "Publish":  0,
        "Protocol":  2,
        "Store":  1,
        "AddressFamily":  2,
        "State":  0,
        "ifIndex":  19,
        "Caption":  null,
        "Description":  null,
        "ElementName":  null,
        "InstanceID":  "\u003c??8\u003c??8\u003c??8\u003c??9=\u003c55;C55:8:8:8:55;",
        "AdminDistance":  null,
        "DestinationAddress":  null,
        "IsStatic":  null,
        "RouteMetric":  256,
        "TypeOfRoute":  3,
        "CompartmentId":  1,
        "DestinationPrefix":  "255.255.255.255/32",
        "InterfaceAlias":  "Ethernet",
        "InterfaceIndex":  19,
        "InterfaceMetric":  5,
        "NextHop":  "0.0.0.0",
        "PreferredLifetime":  {
                                  "Ticks":  9223372036854775807,
                                  "Days":  10675199,
                                  "Hours":  2,
                                  "Milliseconds":  477,
                                  "Minutes":  48,
                                  "Seconds":  5,
                                  "TotalDays":  10675199.116730064,
                                  "TotalHours":  256204778.80152154,
                                  "TotalMilliseconds":  922337203685477,
                                  "TotalMinutes":  15372286728.091293,
                                  "TotalSeconds":  922337203685.47754
                              },
        "ValidLifetime":  {
                              "Ticks":  9223372036854775807,
                              "Days":  10675199,
                              "Hours":  2,
                              "Milliseconds":  477,
                              "Minutes":  48,
                              "Seconds":  5,
                              "TotalDays":  10675199.116730064,
                              "TotalHours":  256204778.80152154,
                              "TotalMilliseconds":  922337203685477,
                              "TotalMinutes":  15372286728.091293,
                              "TotalSeconds":  922337203685.47754
                          },
        "PSComputerName":  null
    },
    {
        "Publish":  0,
        "Protocol":  2,
        "Store":  1,
        "AddressFamily":  2,
        "State":  0,
        "ifIndex":  1,
        "Caption":  null,
        "Description":  null,
        "ElementName":  null,
        "InstanceID":  "\u003c??8\u003c??8\u003c??8\u003c??9=\u003c55;55:8:8:8:55;",
        "AdminDistance":  null,
        "DestinationAddress":  null,
        "IsStatic":  null,
        "RouteMetric":  256,
        "TypeOfRoute":  3,
        "CompartmentId":  1,
        "DestinationPrefix":  "255.255.255.255/32",
        "InterfaceAlias":  "Loopback Pseudo-Interface 1",
        "InterfaceIndex":  1,
        "InterfaceMetric":  75,
        "NextHop":  "0.0.0.0",
        "PreferredLifetime":  {
                                  "Ticks":  9223372036854775807,
                                  "Days":  10675199,
                                  "Hours":  2,
                                  "Milliseconds":  477,
                                  "Minutes":  48,
                                  "Seconds":  5,
                                  "TotalDays":  10675199.116730064,
                                  "TotalHours":  256204778.80152154,
                                  "TotalMilliseconds":  922337203685477,
                                  "TotalMinutes":  15372286728.091293,
                                  "TotalSeconds":  922337203685.47754
                              },
        "ValidLifetime":  {
                              "Ticks":  9223372036854775807,
                              "Days":  10675199,
                              "Hours":  2,
                              "Milliseconds":  477,
                              "Minutes":  48,
                              "Seconds":  5,
                              "TotalDays":  10675199.116730064,
                              "TotalHours":  256204778.80152154,
                              "TotalMilliseconds":  922337203685477,
                              "TotalMinutes":  15372286728.091293,
                              "TotalSeconds":  922337203685.47754
                          },
        "PSComputerName":  null
    },
    {
        "Publish":  0,
        "Protocol":  2,
        "Store":  1,
        "AddressFamily":  2,
        "State":  0,
        "ifIndex":  12,
        "Caption":  null,
        "Description":  null,
        "ElementName":  null,
        "InstanceID":  "\u003c\u003c\u003e8:8:8:9\u003e55;\u003c55:8:8:8:55;",
        "AdminDistance":  null,
        "DestinationAddress":  null,
        "IsStatic":  null,
        "RouteMetric":  256,
        "TypeOfRoute":  3,
        "CompartmentId":  1,
        "DestinationPrefix":  "224.0.0.0/4",
        "InterfaceAlias":  "Local Area Connection* 2",
        "InterfaceIndex":  12,
        "InterfaceMetric":  25,
        "NextHop":  "0.0.0.0",
        "PreferredLifetime":  {
                                  "Ticks":  9223372036854775807,
                                  "Days":  10675199,
                                  "Hours":  2,
                                  "Milliseconds":  477,
                                  "Minutes":  48,
                                  "Seconds":  5,
                                  "TotalDays":  10675199.116730064,
                                  "TotalHours":  256204778.80152154,
                                  "TotalMilliseconds":  922337203685477,
                                  "TotalMinutes":  15372286728.091293,
                                  "TotalSeconds":  922337203685.47754
                              },
        "ValidLifetime":  {
                              "Ticks":  9223372036854775807,
                              "Days":  10675199,
                              "Hours":  2,
                              "Milliseconds":  477,
                              "Minutes":  48,
                              "Seconds":  5,
                              "TotalDays":  10675199.116730064,
                              "TotalHours":  256204778.80152154,
                              "TotalMilliseconds":  922337203685477,
                              "TotalMinutes":  15372286728.091293,
                              "TotalSeconds":  922337203685.47754
                          },
        "PSComputerName":  null
    },
    {
        "Publish":  0,
        "Protocol":  2,
        "Store":  1,
        "AddressFamily":  2,
        "State":  0,
        "ifIndex":  26,
        "Caption":  null,
        "Description":  null,
        "ElementName":  null,
        "InstanceID":  "\u003c\u003c\u003e8:8:8:9\u003e55\u003c@55:8:8:8:55;",
        "AdminDistance":  null,
        "DestinationAddress":  null,
        "IsStatic":  null,
        "RouteMetric":  256,
        "TypeOfRoute":  3,
        "CompartmentId":  1,
        "DestinationPrefix":  "224.0.0.0/4",
        "InterfaceAlias":  "vEthernet (Default Switch)",
        "InterfaceIndex":  26,
        "InterfaceMetric":  5000,
        "NextHop":  "0.0.0.0",
        "PreferredLifetime":  {
                                  "Ticks":  9223372036854775807,
                                  "Days":  10675199,
                                  "Hours":  2,
                                  "Milliseconds":  477,
                                  "Minutes":  48,
                                  "Seconds":  5,
                                  "TotalDays":  10675199.116730064,
                                  "TotalHours":  256204778.80152154,
                                  "TotalMilliseconds":  922337203685477,
                                  "TotalMinutes":  15372286728.091293,
                                  "TotalSeconds":  922337203685.47754
                              },
        "ValidLifetime":  {
                              "Ticks":  9223372036854775807,
                              "Days":  10675199,
                              "Hours":  2,
                              "Milliseconds":  477,
                              "Minutes":  48,
                              "Seconds":  5,
                              "TotalDays":  10675199.116730064,
                              "TotalHours":  256204778.80152154,
                              "TotalMilliseconds":  922337203685477,
                              "TotalMinutes":  15372286728.091293,
                              "TotalSeconds":  922337203685.47754
                          },
        "PSComputerName":  null
    },
    {
        "Publish":  0,
        "Protocol":  2,
        "Store":  1,
        "AddressFamily":  2,
        "State":  0,
        "ifIndex":  9,
        "Caption":  null,
        "Description":  null,
        "ElementName":  null,
        "InstanceID":  "\u003c\u003c\u003e8:8:8:9\u003e55C55:8:8:8:55;",
        "AdminDistance":  null,
        "DestinationAddress":  null,
        "IsStatic":  null,
        "RouteMetric":  256,
        "TypeOfRoute":  3,
        "CompartmentId":  1,
        "DestinationPrefix":  "224.0.0.0/4",
        "InterfaceAlias":  "Local Area Connection* 1",
        "InterfaceIndex":  9,
        "InterfaceMetric":  25,
        "NextHop":  "0.0.0.0",
        "PreferredLifetime":  {
                                  "Ticks":  9223372036854775807,
                                  "Days":  10675199,
                                  "Hours":  2,
                                  "Milliseconds":  477,
                                  "Minutes":  48,
                                  "Seconds":  5,
                                  "TotalDays":  10675199.116730064,
                                  "TotalHours":  256204778.80152154,
                                  "TotalMilliseconds":  922337203685477,
                                  "TotalMinutes":  15372286728.091293,
                                  "TotalSeconds":  922337203685.47754
                              },
        "ValidLifetime":  {
                              "Ticks":  9223372036854775807,
                              "Days":  10675199,
                              "Hours":  2,
                              "Milliseconds":  477,
                              "Minutes":  48,
                              "Seconds":  5,
                              "TotalDays":  10675199.116730064,
                              "TotalHours":  256204778.80152154,
                              "TotalMilliseconds":  922337203685477,
                              "TotalMinutes":  15372286728.091293,
                              "TotalSeconds":  922337203685.47754
                          },
        "PSComputerName":  null
    },
    {
        "Publish":  0,
        "Protocol":  2,
        "Store":  1,
        "AddressFamily":  2,
        "State":  0,
        "ifIndex":  16,
        "Caption":  null,
        "Description":  null,
        "ElementName":  null,
        "InstanceID":  "\u003c\u003c\u003e8:8:8:9\u003e55;@55:8:8:8:55;",
        "AdminDistance":  null,
        "DestinationAddress":  null,
        "IsStatic":  null,
        "RouteMetric":  256,
        "TypeOfRoute":  3,
        "CompartmentId":  1,
        "DestinationPrefix":  "224.0.0.0/4",
        "InterfaceAlias":  "Wi-Fi",
        "InterfaceIndex":  16,
        "InterfaceMetric":  55,
        "NextHop":  "0.0.0.0",
        "PreferredLifetime":  {
                                  "Ticks":  9223372036854775807,
                                  "Days":  10675199,
                                  "Hours":  2,
                                  "Milliseconds":  477,
                                  "Minutes":  48,
                                  "Seconds":  5,
                                  "TotalDays":  10675199.116730064,
                                  "TotalHours":  256204778.80152154,
                                  "TotalMilliseconds":  922337203685477,
                                  "TotalMinutes":  15372286728.091293,
                                  "TotalSeconds":  922337203685.47754
                              },
        "ValidLifetime":  {
                              "Ticks":  9223372036854775807,
                              "Days":  10675199,
                              "Hours":  2,
                              "Milliseconds":  477,
                              "Minutes":  48,
                              "Seconds":  5,
                              "TotalDays":  10675199.116730064,
                              "TotalHours":  256204778.80152154,
                              "TotalMilliseconds":  922337203685477,
                              "TotalMinutes":  15372286728.091293,
                              "TotalSeconds":  922337203685.47754
                          },
        "PSComputerName":  null
    },
    {
        "Publish":  0,
        "Protocol":  2,
        "Store":  1,
        "AddressFamily":  2,
        "State":  0,
        "ifIndex":  19,
        "Caption":  null,
        "Description":  null,
        "ElementName":  null,
        "InstanceID":  "\u003c\u003c\u003e8:8:8:9\u003e55;C55:8:8:8:55;",
        "AdminDistance":  null,
        "DestinationAddress":  null,
        "IsStatic":  null,
        "RouteMetric":  256,
        "TypeOfRoute":  3,
        "CompartmentId":  1,
        "DestinationPrefix":  "224.0.0.0/4",
        "InterfaceAlias":  "Ethernet",
        "InterfaceIndex":  19,
        "InterfaceMetric":  5,
        "NextHop":  "0.0.0.0",
        "PreferredLifetime":  {
                                  "Ticks":  9223372036854775807,
                                  "Days":  10675199,
                                  "Hours":  2,
                                  "Milliseconds":  477,
                                  "Minutes":  48,
                                  "Seconds":  5,
                                  "TotalDays":  10675199.116730064,
                                  "TotalHours":  256204778.80152154,
                                  "TotalMilliseconds":  922337203685477,
                                  "TotalMinutes":  15372286728.091293,
                                  "TotalSeconds":  922337203685.47754
                              },
        "ValidLifetime":  {
                              "Ticks":  9223372036854775807,
                              "Days":  10675199,
                              "Hours":  2,
                              "Milliseconds":  477,
                              "Minutes":  48,
                              "Seconds":  5,
                              "TotalDays":  10675199.116730064,
                              "TotalHours":  256204778.80152154,
                              "TotalMilliseconds":  922337203685477,
                              "TotalMinutes":  15372286728.091293,
                              "TotalSeconds":  922337203685.47754
                          },
        "PSComputerName":  null
    },
    {
        "Publish":  0,
        "Protocol":  2,
        "Store":  1,
        "AddressFamily":  2,
        "State":  0,
        "ifIndex":  1,
        "Caption":  null,
        "Description":  null,
        "ElementName":  null,
        "InstanceID":  "\u003c\u003c\u003e8:8:8:9\u003e55;55:8:8:8:55;",
        "AdminDistance":  null,
        "DestinationAddress":  null,
        "IsStatic":  null,
        "RouteMetric":  256,
        "TypeOfRoute":  3,
        "CompartmentId":  1,
        "DestinationPrefix":  "224.0.0.0/4",
        "InterfaceAlias":  "Loopback Pseudo-Interface 1",
        "InterfaceIndex":  1,
        "InterfaceMetric":  75,
        "NextHop":  "0.0.0.0",
        "PreferredLifetime":  {
                                  "Ticks":  9223372036854775807,
                                  "Days":  10675199,
                                  "Hours":  2,
                                  "Milliseconds":  477,
                                  "Minutes":  48,
                                  "Seconds":  5,
                                  "TotalDays":  10675199.116730064,
                                  "TotalHours":  256204778.80152154,
                                  "TotalMilliseconds":  922337203685477,
                                  "TotalMinutes":  15372286728.091293,
                                  "TotalSeconds":  922337203685.47754
                              },
        "ValidLifetime":  {
                              "Ticks":  9223372036854775807,
                              "Days":  10675199,
                              "Hours":  2,
                              "Milliseconds":  477,
                              "Minutes":  48,
                              "Seconds":  5,
                              "TotalDays":  10675199.116730064,
                              "TotalHours":  256204778.80152154,
                              "TotalMilliseconds":  922337203685477,
                              "TotalMinutes":  15372286728.091293,
                              "TotalSeconds":  922337203685.47754
                          },
        "PSComputerName":  null
    },
    {
        "Publish":  0,
        "Protocol":  2,
        "Store":  1,
        "AddressFamily":  2,
        "State":  0,
        "ifIndex":  16,
        "Caption":  null,
        "Description":  null,
        "ElementName":  null,
        "InstanceID":  ";C\u003c8;@B8;8\u003c??9=\u003c55;@55:8:8:8:55;",
        "AdminDistance":  null,
        "DestinationAddress":  null,
        "IsStatic":  null,
        "RouteMetric":  256,
        "TypeOfRoute":  3,
        "CompartmentId":  1,
        "DestinationPrefix":  "192.168.1.255/32",
        "InterfaceAlias":  "Wi-Fi",
        "InterfaceIndex":  16,
        "InterfaceMetric":  55,
        "NextHop":  "0.0.0.0",
        "PreferredLifetime":  {
                                  "Ticks":  9223372036854775807,
                                  "Days":  10675199,
                                  "Hours":  2,
                                  "Milliseconds":  477,
                                  "Minutes":  48,
                                  "Seconds":  5,
                                  "TotalDays":  10675199.116730064,
                                  "TotalHours":  256204778.80152154,
                                  "TotalMilliseconds":  922337203685477,
                                  "TotalMinutes":  15372286728.091293,
                                  "TotalSeconds":  922337203685.47754
                              },
        "ValidLifetime":  {
                              "Ticks":  9223372036854775807,
                              "Days":  10675199,
                              "Hours":  2,
                              "Milliseconds":  477,
                              "Minutes":  48,
                              "Seconds":  5,
                              "TotalDays":  10675199.116730064,
                              "TotalHours":  256204778.80152154,
                              "TotalMilliseconds":  922337203685477,
                              "TotalMinutes":  15372286728.091293,
                              "TotalSeconds":  922337203685.47754
                          },
        "PSComputerName":  null
    },
    {
        "Publish":  0,
        "Protocol":  2,
        "Store":  1,
        "AddressFamily":  2,
        "State":  0,
        "ifIndex":  16,
        "Caption":  null,
        "Description":  null,
        "ElementName":  null,
        "InstanceID":  ";C\u003c8;@B8;8B9=\u003c55;@55:8:8:8:55;",
        "AdminDistance":  null,
        "DestinationAddress":  null,
        "IsStatic":  null,
        "RouteMetric":  256,
        "TypeOfRoute":  3,
        "CompartmentId":  1,
        "DestinationPrefix":  "192.168.1.8/32",
        "InterfaceAlias":  "Wi-Fi",
        "InterfaceIndex":  16,
        "InterfaceMetric":  55,
        "NextHop":  "0.0.0.0",
        "PreferredLifetime":  {
                                  "Ticks":  9223372036854775807,
                                  "Days":  10675199,
                                  "Hours":  2,
                                  "Milliseconds":  477,
                                  "Minutes":  48,
                                  "Seconds":  5,
                                  "TotalDays":  10675199.116730064,
                                  "TotalHours":  256204778.80152154,
                                  "TotalMilliseconds":  922337203685477,
                                  "TotalMinutes":  15372286728.091293,
                                  "TotalSeconds":  922337203685.47754
                              },
        "ValidLifetime":  {
                              "Ticks":  9223372036854775807,
                              "Days":  10675199,
                              "Hours":  2,
                              "Milliseconds":  477,
                              "Minutes":  48,
                              "Seconds":  5,
                              "TotalDays":  10675199.116730064,
                              "TotalHours":  256204778.80152154,
                              "TotalMilliseconds":  922337203685477,
                              "TotalMinutes":  15372286728.091293,
                              "TotalSeconds":  922337203685.47754
                          },
        "PSComputerName":  null
    },
    {
        "Publish":  0,
        "Protocol":  2,
        "Store":  1,
        "AddressFamily":  2,
        "State":  0,
        "ifIndex":  16,
        "Caption":  null,
        "Description":  null,
        "ElementName":  null,
        "InstanceID":  ";C\u003c8;@B8;8:9\u003c\u003e55;@55:8:8:8:55;",
        "AdminDistance":  null,
        "DestinationAddress":  null,
        "IsStatic":  null,
        "RouteMetric":  256,
        "TypeOfRoute":  3,
        "CompartmentId":  1,
        "DestinationPrefix":  "192.168.1.0/24",
        "InterfaceAlias":  "Wi-Fi",
        "InterfaceIndex":  16,
        "InterfaceMetric":  55,
        "NextHop":  "0.0.0.0",
        "PreferredLifetime":  {
                                  "Ticks":  9223372036854775807,
                                  "Days":  10675199,
                                  "Hours":  2,
                                  "Milliseconds":  477,
                                  "Minutes":  48,
                                  "Seconds":  5,
                                  "TotalDays":  10675199.116730064,
                                  "TotalHours":  256204778.80152154,
                                  "TotalMilliseconds":  922337203685477,
                                  "TotalMinutes":  15372286728.091293,
                                  "TotalSeconds":  922337203685.47754
                              },
        "ValidLifetime":  {
                              "Ticks":  9223372036854775807,
                              "Days":  10675199,
                              "Hours":  2,
                              "Milliseconds":  477,
                              "Minutes":  48,
                              "Seconds":  5,
                              "TotalDays":  10675199.116730064,
                              "TotalHours":  256204778.80152154,
                              "TotalMilliseconds":  922337203685477,
                              "TotalMinutes":  15372286728.091293,
                              "TotalSeconds":  922337203685.47754
                          },
        "PSComputerName":  null
    },
    {
        "Publish":  0,
        "Protocol":  2,
        "Store":  1,
        "AddressFamily":  2,
        "State":  0,
        "ifIndex":  26,
        "Caption":  null,
        "Description":  null,
        "ElementName":  null,
        "InstanceID":  ";A\u003c8=;8\u003eA8\u003c??9=\u003c55\u003c@55:8:8:8:55;",
        "AdminDistance":  null,
        "DestinationAddress":  null,
        "IsStatic":  null,
        "RouteMetric":  256,
        "TypeOfRoute":  3,
        "CompartmentId":  1,
        "DestinationPrefix":  "172.31.47.255/32",
        "InterfaceAlias":  "vEthernet (Default Switch)",
        "InterfaceIndex":  26,
        "InterfaceMetric":  5000,
        "NextHop":  "0.0.0.0",
        "PreferredLifetime":  {
                                  "Ticks":  9223372036854775807,
                                  "Days":  10675199,
                                  "Hours":  2,
                                  "Milliseconds":  477,
                                  "Minutes":  48,
                                  "Seconds":  5,
                                  "TotalDays":  10675199.116730064,
                                  "TotalHours":  256204778.80152154,
                                  "TotalMilliseconds":  922337203685477,
                                  "TotalMinutes":  15372286728.091293,
                                  "TotalSeconds":  922337203685.47754
                              },
        "ValidLifetime":  {
                              "Ticks":  9223372036854775807,
                              "Days":  10675199,
                              "Hours":  2,
                              "Milliseconds":  477,
                              "Minutes":  48,
                              "Seconds":  5,
                              "TotalDays":  10675199.116730064,
                              "TotalHours":  256204778.80152154,
                              "TotalMilliseconds":  922337203685477,
                              "TotalMinutes":  15372286728.091293,
                              "TotalSeconds":  922337203685.47754
                          },
        "PSComputerName":  null
    },
    {
        "Publish":  0,
        "Protocol":  2,
        "Store":  1,
        "AddressFamily":  2,
        "State":  0,
        "ifIndex":  26,
        "Caption":  null,
        "Description":  null,
        "ElementName":  null,
        "InstanceID":  ";A\u003c8=;8=\u003c8;9=\u003c55\u003c@55:8:8:8:55;",
        "AdminDistance":  null,
        "DestinationAddress":  null,
        "IsStatic":  null,
        "RouteMetric":  256,
        "TypeOfRoute":  3,
        "CompartmentId":  1,
        "DestinationPrefix":  "172.31.32.1/32",
        "InterfaceAlias":  "vEthernet (Default Switch)",
        "InterfaceIndex":  26,
        "InterfaceMetric":  5000,
        "NextHop":  "0.0.0.0",
        "PreferredLifetime":  {
                                  "Ticks":  9223372036854775807,
                                  "Days":  10675199,
                                  "Hours":  2,
                                  "Milliseconds":  477,
                                  "Minutes":  48,
                                  "Seconds":  5,
                                  "TotalDays":  10675199.116730064,
                                  "TotalHours":  256204778.80152154,
                                  "TotalMilliseconds":  922337203685477,
                                  "TotalMinutes":  15372286728.091293,
                                  "TotalSeconds":  922337203685.47754
                              },
        "ValidLifetime":  {
                              "Ticks":  9223372036854775807,
                              "Days":  10675199,
                              "Hours":  2,
                              "Milliseconds":  477,
                              "Minutes":  48,
                              "Seconds":  5,
                              "TotalDays":  10675199.116730064,
                              "TotalHours":  256204778.80152154,
                              "TotalMilliseconds":  922337203685477,
                              "TotalMinutes":  15372286728.091293,
                              "TotalSeconds":  922337203685.47754
                          },
        "PSComputerName":  null
    },
    {
        "Publish":  0,
        "Protocol":  2,
        "Store":  1,
        "AddressFamily":  2,
        "State":  0,
        "ifIndex":  26,
        "Caption":  null,
        "Description":  null,
        "ElementName":  null,
        "InstanceID":  ";A\u003c8=;8=\u003c8:9\u003c:55\u003c@55:8:8:8:55;",
        "AdminDistance":  null,
        "DestinationAddress":  null,
        "IsStatic":  null,
        "RouteMetric":  256,
        "TypeOfRoute":  3,
        "CompartmentId":  1,
        "DestinationPrefix":  "172.31.32.0/20",
        "InterfaceAlias":  "vEthernet (Default Switch)",
        "InterfaceIndex":  26,
        "InterfaceMetric":  5000,
        "NextHop":  "0.0.0.0",
        "PreferredLifetime":  {
                                  "Ticks":  9223372036854775807,
                                  "Days":  10675199,
                                  "Hours":  2,
                                  "Milliseconds":  477,
                                  "Minutes":  48,
                                  "Seconds":  5,
                                  "TotalDays":  10675199.116730064,
                                  "TotalHours":  256204778.80152154,
                                  "TotalMilliseconds":  922337203685477,
                                  "TotalMinutes":  15372286728.091293,
                                  "TotalSeconds":  922337203685.47754
                              },
        "ValidLifetime":  {
                              "Ticks":  9223372036854775807,
                              "Days":  10675199,
                              "Hours":  2,
                              "Milliseconds":  477,
                              "Minutes":  48,
                              "Seconds":  5,
                              "TotalDays":  10675199.116730064,
                              "TotalHours":  256204778.80152154,
                              "TotalMilliseconds":  922337203685477,
                              "TotalMinutes":  15372286728.091293,
                              "TotalSeconds":  922337203685.47754
                          },
        "PSComputerName":  null
    },
    {
        "Publish":  0,
        "Protocol":  2,
        "Store":  1,
        "AddressFamily":  2,
        "State":  0,
        "ifIndex":  1,
        "Caption":  null,
        "Description":  null,
        "ElementName":  null,
        "InstanceID":  ";\u003cA8\u003c??8\u003c??8\u003c??9=\u003c55;55:8:8:8:55;",
        "AdminDistance":  null,
        "DestinationAddress":  null,
        "IsStatic":  null,
        "RouteMetric":  256,
        "TypeOfRoute":  3,
        "CompartmentId":  1,
        "DestinationPrefix":  "127.255.255.255/32",
        "InterfaceAlias":  "Loopback Pseudo-Interface 1",
        "InterfaceIndex":  1,
        "InterfaceMetric":  75,
        "NextHop":  "0.0.0.0",
        "PreferredLifetime":  {
                                  "Ticks":  9223372036854775807,
                                  "Days":  10675199,
                                  "Hours":  2,
                                  "Milliseconds":  477,
                                  "Minutes":  48,
                                  "Seconds":  5,
                                  "TotalDays":  10675199.116730064,
                                  "TotalHours":  256204778.80152154,
                                  "TotalMilliseconds":  922337203685477,
                                  "TotalMinutes":  15372286728.091293,
                                  "TotalSeconds":  922337203685.47754
                              },
        "ValidLifetime":  {
                              "Ticks":  9223372036854775807,
                              "Days":  10675199,
                              "Hours":  2,
                              "Milliseconds":  477,
                              "Minutes":  48,
                              "Seconds":  5,
                              "TotalDays":  10675199.116730064,
                              "TotalHours":  256204778.80152154,
                              "TotalMilliseconds":  922337203685477,
                              "TotalMinutes":  15372286728.091293,
                              "TotalSeconds":  922337203685.47754
                          },
        "PSComputerName":  null
    },
    {
        "Publish":  0,
        "Protocol":  2,
        "Store":  1,
        "AddressFamily":  2,
        "State":  0,
        "ifIndex":  1,
        "Caption":  null,
        "Description":  null,
        "ElementName":  null,
        "InstanceID":  ";\u003cA8:8:8;9=\u003c55;55:8:8:8:55;",
        "AdminDistance":  null,
        "DestinationAddress":  null,
        "IsStatic":  null,
        "RouteMetric":  256,
        "TypeOfRoute":  3,
        "CompartmentId":  1,
        "DestinationPrefix":  "127.0.0.1/32",
        "InterfaceAlias":  "Loopback Pseudo-Interface 1",
        "InterfaceIndex":  1,
        "InterfaceMetric":  75,
        "NextHop":  "0.0.0.0",
        "PreferredLifetime":  {
                                  "Ticks":  9223372036854775807,
                                  "Days":  10675199,
                                  "Hours":  2,
                                  "Milliseconds":  477,
                                  "Minutes":  48,
                                  "Seconds":  5,
                                  "TotalDays":  10675199.116730064,
                                  "TotalHours":  256204778.80152154,
                                  "TotalMilliseconds":  922337203685477,
                                  "TotalMinutes":  15372286728.091293,
                                  "TotalSeconds":  922337203685.47754
                              },
        "ValidLifetime":  {
                              "Ticks":  9223372036854775807,
                              "Days":  10675199,
                              "Hours":  2,
                              "Milliseconds":  477,
                              "Minutes":  48,
                              "Seconds":  5,
                              "TotalDays":  10675199.116730064,
                              "TotalHours":  256204778.80152154,
                              "TotalMilliseconds":  922337203685477,
                              "TotalMinutes":  15372286728.091293,
                              "TotalSeconds":  922337203685.47754
                          },
        "PSComputerName":  null
    },
    {
        "Publish":  0,
        "Protocol":  2,
        "Store":  1,
        "AddressFamily":  2,
        "State":  0,
        "ifIndex":  1,
        "Caption":  null,
        "Description":  null,
        "ElementName":  null,
        "InstanceID":  ";\u003cA8:8:8:9B55;55:8:8:8:55;",
        "AdminDistance":  null,
        "DestinationAddress":  null,
        "IsStatic":  null,
        "RouteMetric":  256,
        "TypeOfRoute":  3,
        "CompartmentId":  1,
        "DestinationPrefix":  "127.0.0.0/8",
        "InterfaceAlias":  "Loopback Pseudo-Interface 1",
        "InterfaceIndex":  1,
        "InterfaceMetric":  75,
        "NextHop":  "0.0.0.0",
        "PreferredLifetime":  {
                                  "Ticks":  9223372036854775807,
                                  "Days":  10675199,
                                  "Hours":  2,
                                  "Milliseconds":  477,
                                  "Minutes":  48,
                                  "Seconds":  5,
                                  "TotalDays":  10675199.116730064,
                                  "TotalHours":  256204778.80152154,
                                  "TotalMilliseconds":  922337203685477,
                                  "TotalMinutes":  15372286728.091293,
                                  "TotalSeconds":  922337203685.47754
                              },
        "ValidLifetime":  {
                              "Ticks":  9223372036854775807,
                              "Days":  10675199,
                              "Hours":  2,
                              "Milliseconds":  477,
                              "Minutes":  48,
                              "Seconds":  5,
                              "TotalDays":  10675199.116730064,
                              "TotalHours":  256204778.80152154,
                              "TotalMilliseconds":  922337203685477,
                              "TotalMinutes":  15372286728.091293,
                              "TotalSeconds":  922337203685.47754
                          },
        "PSComputerName":  null
    },
    {
        "Publish":  0,
        "Protocol":  3,
        "Store":  1,
        "AddressFamily":  2,
        "State":  0,
        "ifIndex":  16,
        "Caption":  null,
        "Description":  null,
        "ElementName":  null,
        "InstanceID":  ":8:8:8:9:55;@55;C\u003c8;@B8;8;55;",
        "AdminDistance":  null,
        "DestinationAddress":  null,
        "IsStatic":  null,
        "RouteMetric":  0,
        "TypeOfRoute":  3,
        "CompartmentId":  1,
        "DestinationPrefix":  "0.0.0.0/0",
        "InterfaceAlias":  "Wi-Fi",
        "InterfaceIndex":  16,
        "InterfaceMetric":  55,
        "NextHop":  "192.168.1.1",
        "PreferredLifetime":  {
                                  "Ticks":  182450000000,
                                  "Days":  0,
                                  "Hours":  5,
                                  "Milliseconds":  0,
                                  "Minutes":  4,
                                  "Seconds":  5,
                                  "TotalDays":  0.21116898148148147,
                                  "TotalHours":  5.0680555555555555,
                                  "TotalMilliseconds":  18245000,
                                  "TotalMinutes":  304.08333333333331,
                                  "TotalSeconds":  18245
                              },
        "ValidLifetime":  {
                              "Ticks":  182450000000,
                              "Days":  0,
                              "Hours":  5,
                              "Milliseconds":  0,
                              "Minutes":  4,
                              "Seconds":  5,
                              "TotalDays":  0.21116898148148147,
                              "TotalHours":  5.0680555555555555,
                              "TotalMilliseconds":  18245000,
                              "TotalMinutes":  304.08333333333331,
                              "TotalSeconds":  18245
                          },
        "PSComputerName":  null
    },
    {
        "Publish":  0,
        "Protocol":  2,
        "Store":  1,
        "AddressFamily":  23,
        "State":  0,
        "ifIndex":  12,
        "Caption":  null,
        "Description":  null,
        "ElementName":  null,
        "InstanceID":  "pp::DD9B55;\u003c55DD55;",
        "AdminDistance":  null,
        "DestinationAddress":  null,
        "IsStatic":  null,
        "RouteMetric":  256,
        "TypeOfRoute":  3,
        "CompartmentId":  1,
        "DestinationPrefix":  "ff00::/8",
        "InterfaceAlias":  "Local Area Connection* 2",
        "InterfaceIndex":  12,
        "InterfaceMetric":  25,
        "NextHop":  "::",
        "PreferredLifetime":  {
                                  "Ticks":  9223372036854775807,
                                  "Days":  10675199,
                                  "Hours":  2,
                                  "Milliseconds":  477,
                                  "Minutes":  48,
                                  "Seconds":  5,
                                  "TotalDays":  10675199.116730064,
                                  "TotalHours":  256204778.80152154,
                                  "TotalMilliseconds":  922337203685477,
                                  "TotalMinutes":  15372286728.091293,
                                  "TotalSeconds":  922337203685.47754
                              },
        "ValidLifetime":  {
                              "Ticks":  9223372036854775807,
                              "Days":  10675199,
                              "Hours":  2,
                              "Milliseconds":  477,
                              "Minutes":  48,
                              "Seconds":  5,
                              "TotalDays":  10675199.116730064,
                              "TotalHours":  256204778.80152154,
                              "TotalMilliseconds":  922337203685477,
                              "TotalMinutes":  15372286728.091293,
                              "TotalSeconds":  922337203685.47754
                          },
        "PSComputerName":  null
    },
    {
        "Publish":  0,
        "Protocol":  2,
        "Store":  1,
        "AddressFamily":  23,
        "State":  0,
        "ifIndex":  26,
        "Caption":  null,
        "Description":  null,
        "ElementName":  null,
        "InstanceID":  "pp::DD9B55\u003c@55DD55;",
        "AdminDistance":  null,
        "DestinationAddress":  null,
        "IsStatic":  null,
        "RouteMetric":  256,
        "TypeOfRoute":  3,
        "CompartmentId":  1,
        "DestinationPrefix":  "ff00::/8",
        "InterfaceAlias":  "vEthernet (Default Switch)",
        "InterfaceIndex":  26,
        "InterfaceMetric":  5000,
        "NextHop":  "::",
        "PreferredLifetime":  {
                                  "Ticks":  9223372036854775807,
                                  "Days":  10675199,
                                  "Hours":  2,
                                  "Milliseconds":  477,
                                  "Minutes":  48,
                                  "Seconds":  5,
                                  "TotalDays":  10675199.116730064,
                                  "TotalHours":  256204778.80152154,
                                  "TotalMilliseconds":  922337203685477,
                                  "TotalMinutes":  15372286728.091293,
                                  "TotalSeconds":  922337203685.47754
                              },
        "ValidLifetime":  {
                              "Ticks":  9223372036854775807,
                              "Days":  10675199,
                              "Hours":  2,
                              "Milliseconds":  477,
                              "Minutes":  48,
                              "Seconds":  5,
                              "TotalDays":  10675199.116730064,
                              "TotalHours":  256204778.80152154,
                              "TotalMilliseconds":  922337203685477,
                              "TotalMinutes":  15372286728.091293,
                              "TotalSeconds":  922337203685.47754
                          },
        "PSComputerName":  null
    },
    {
        "Publish":  0,
        "Protocol":  2,
        "Store":  1,
        "AddressFamily":  23,
        "State":  0,
        "ifIndex":  9,
        "Caption":  null,
        "Description":  null,
        "ElementName":  null,
        "InstanceID":  "pp::DD9B55C55DD55;",
        "AdminDistance":  null,
        "DestinationAddress":  null,
        "IsStatic":  null,
        "RouteMetric":  256,
        "TypeOfRoute":  3,
        "CompartmentId":  1,
        "DestinationPrefix":  "ff00::/8",
        "InterfaceAlias":  "Local Area Connection* 1",
        "InterfaceIndex":  9,
        "InterfaceMetric":  25,
        "NextHop":  "::",
        "PreferredLifetime":  {
                                  "Ticks":  9223372036854775807,
                                  "Days":  10675199,
                                  "Hours":  2,
                                  "Milliseconds":  477,
                                  "Minutes":  48,
                                  "Seconds":  5,
                                  "TotalDays":  10675199.116730064,
                                  "TotalHours":  256204778.80152154,
                                  "TotalMilliseconds":  922337203685477,
                                  "TotalMinutes":  15372286728.091293,
                                  "TotalSeconds":  922337203685.47754
                              },
        "ValidLifetime":  {
                              "Ticks":  9223372036854775807,
                              "Days":  10675199,
                              "Hours":  2,
                              "Milliseconds":  477,
                              "Minutes":  48,
                              "Seconds":  5,
                              "TotalDays":  10675199.116730064,
                              "TotalHours":  256204778.80152154,
                              "TotalMilliseconds":  922337203685477,
                              "TotalMinutes":  15372286728.091293,
                              "TotalSeconds":  922337203685.47754
                          },
        "PSComputerName":  null
    },
    {
        "Publish":  0,
        "Protocol":  2,
        "Store":  1,
        "AddressFamily":  23,
        "State":  0,
        "ifIndex":  16,
        "Caption":  null,
        "Description":  null,
        "ElementName":  null,
        "InstanceID":  "pp::DD9B55;@55DD55;",
        "AdminDistance":  null,
        "DestinationAddress":  null,
        "IsStatic":  null,
        "RouteMetric":  256,
        "TypeOfRoute":  3,
        "CompartmentId":  1,
        "DestinationPrefix":  "ff00::/8",
        "InterfaceAlias":  "Wi-Fi",
        "InterfaceIndex":  16,
        "InterfaceMetric":  55,
        "NextHop":  "::",
        "PreferredLifetime":  {
                                  "Ticks":  9223372036854775807,
                                  "Days":  10675199,
                                  "Hours":  2,
                                  "Milliseconds":  477,
                                  "Minutes":  48,
                                  "Seconds":  5,
                                  "TotalDays":  10675199.116730064,
                                  "TotalHours":  256204778.80152154,
                                  "TotalMilliseconds":  922337203685477,
                                  "TotalMinutes":  15372286728.091293,
                                  "TotalSeconds":  922337203685.47754
                              },
        "ValidLifetime":  {
                              "Ticks":  9223372036854775807,
                              "Days":  10675199,
                              "Hours":  2,
                              "Milliseconds":  477,
                              "Minutes":  48,
                              "Seconds":  5,
                              "TotalDays":  10675199.116730064,
                              "TotalHours":  256204778.80152154,
                              "TotalMilliseconds":  922337203685477,
                              "TotalMinutes":  15372286728.091293,
                              "TotalSeconds":  922337203685.47754
                          },
        "PSComputerName":  null
    },
    {
        "Publish":  0,
        "Protocol":  2,
        "Store":  1,
        "AddressFamily":  23,
        "State":  0,
        "ifIndex":  19,
        "Caption":  null,
        "Description":  null,
        "ElementName":  null,
        "InstanceID":  "pp::DD9B55;C55DD55;",
        "AdminDistance":  null,
        "DestinationAddress":  null,
        "IsStatic":  null,
        "RouteMetric":  256,
        "TypeOfRoute":  3,
        "CompartmentId":  1,
        "DestinationPrefix":  "ff00::/8",
        "InterfaceAlias":  "Ethernet",
        "InterfaceIndex":  19,
        "InterfaceMetric":  5,
        "NextHop":  "::",
        "PreferredLifetime":  {
                                  "Ticks":  9223372036854775807,
                                  "Days":  10675199,
                                  "Hours":  2,
                                  "Milliseconds":  477,
                                  "Minutes":  48,
                                  "Seconds":  5,
                                  "TotalDays":  10675199.116730064,
                                  "TotalHours":  256204778.80152154,
                                  "TotalMilliseconds":  922337203685477,
                                  "TotalMinutes":  15372286728.091293,
                                  "TotalSeconds":  922337203685.47754
                              },
        "ValidLifetime":  {
                              "Ticks":  9223372036854775807,
                              "Days":  10675199,
                              "Hours":  2,
                              "Milliseconds":  477,
                              "Minutes":  48,
                              "Seconds":  5,
                              "TotalDays":  10675199.116730064,
                              "TotalHours":  256204778.80152154,
                              "TotalMilliseconds":  922337203685477,
                              "TotalMinutes":  15372286728.091293,
                              "TotalSeconds":  922337203685.47754
                          },
        "PSComputerName":  null
    },
    {
        "Publish":  0,
        "Protocol":  2,
        "Store":  1,
        "AddressFamily":  23,
        "State":  0,
        "ifIndex":  1,
        "Caption":  null,
        "Description":  null,
        "ElementName":  null,
        "InstanceID":  "pp::DD9B55;55DD55;",
        "AdminDistance":  null,
        "DestinationAddress":  null,
        "IsStatic":  null,
        "RouteMetric":  256,
        "TypeOfRoute":  3,
        "CompartmentId":  1,
        "DestinationPrefix":  "ff00::/8",
        "InterfaceAlias":  "Loopback Pseudo-Interface 1",
        "InterfaceIndex":  1,
        "InterfaceMetric":  75,
        "NextHop":  "::",
        "PreferredLifetime":  {
                                  "Ticks":  9223372036854775807,
                                  "Days":  10675199,
                                  "Hours":  2,
                                  "Milliseconds":  477,
                                  "Minutes":  48,
                                  "Seconds":  5,
                                  "TotalDays":  10675199.116730064,
                                  "TotalHours":  256204778.80152154,
                                  "TotalMilliseconds":  922337203685477,
                                  "TotalMinutes":  15372286728.091293,
                                  "TotalSeconds":  922337203685.47754
                              },
        "ValidLifetime":  {
                              "Ticks":  9223372036854775807,
                              "Days":  10675199,
                              "Hours":  2,
                              "Milliseconds":  477,
                              "Minutes":  48,
                              "Seconds":  5,
                              "TotalDays":  10675199.116730064,
                              "TotalHours":  256204778.80152154,
                              "TotalMilliseconds":  922337203685477,
                              "TotalMinutes":  15372286728.091293,
                              "TotalSeconds":  922337203685.47754
                          },
        "PSComputerName":  null
    },
    {
        "Publish":  0,
        "Protocol":  2,
        "Store":  1,
        "AddressFamily":  23,
        "State":  0,
        "ifIndex":  26,
        "Caption":  null,
        "Description":  null,
        "ElementName":  null,
        "InstanceID":  "poB:DDpCC@DA?=;D@;\u003ckDmp:\u003e9;\u003cB55\u003c@55DD55;",
        "AdminDistance":  null,
        "DestinationAddress":  null,
        "IsStatic":  null,
        "RouteMetric":  256,
        "TypeOfRoute":  3,
        "CompartmentId":  1,
        "DestinationPrefix":  "fe80::f996:7531:612a:cf04/128",
        "InterfaceAlias":  "vEthernet (Default Switch)",
        "InterfaceIndex":  26,
        "InterfaceMetric":  5000,
        "NextHop":  "::",
        "PreferredLifetime":  {
                                  "Ticks":  9223372036854775807,
                                  "Days":  10675199,
                                  "Hours":  2,
                                  "Milliseconds":  477,
                                  "Minutes":  48,
                                  "Seconds":  5,
                                  "TotalDays":  10675199.116730064,
                                  "TotalHours":  256204778.80152154,
                                  "TotalMilliseconds":  922337203685477,
                                  "TotalMinutes":  15372286728.091293,
                                  "TotalSeconds":  922337203685.47754
                              },
        "ValidLifetime":  {
                              "Ticks":  9223372036854775807,
                              "Days":  10675199,
                              "Hours":  2,
                              "Milliseconds":  477,
                              "Minutes":  48,
                              "Seconds":  5,
                              "TotalDays":  10675199.116730064,
                              "TotalHours":  256204778.80152154,
                              "TotalMilliseconds":  922337203685477,
                              "TotalMinutes":  15372286728.091293,
                              "TotalSeconds":  922337203685.47754
                          },
        "PSComputerName":  null
    },
    {
        "Publish":  0,
        "Protocol":  2,
        "Store":  1,
        "AddressFamily":  23,
        "State":  0,
        "ifIndex":  12,
        "Caption":  null,
        "Description":  null,
        "ElementName":  null,
        "InstanceID":  "poB:DDp;mkDlCoBDB\u003e?kD\u003e\u003ekB9;\u003cB55;\u003c55DD55;",
        "AdminDistance":  null,
        "DestinationAddress":  null,
        "IsStatic":  null,
        "RouteMetric":  256,
        "TypeOfRoute":  3,
        "CompartmentId":  1,
        "DestinationPrefix":  "fe80::f1ca:b9e8:845a:44a8/128",
        "InterfaceAlias":  "Local Area Connection* 2",
        "InterfaceIndex":  12,
        "InterfaceMetric":  25,
        "NextHop":  "::",
        "PreferredLifetime":  {
                                  "Ticks":  9223372036854775807,
                                  "Days":  10675199,
                                  "Hours":  2,
                                  "Milliseconds":  477,
                                  "Minutes":  48,
                                  "Seconds":  5,
                                  "TotalDays":  10675199.116730064,
                                  "TotalHours":  256204778.80152154,
                                  "TotalMilliseconds":  922337203685477,
                                  "TotalMinutes":  15372286728.091293,
                                  "TotalSeconds":  922337203685.47754
                              },
        "ValidLifetime":  {
                              "Ticks":  9223372036854775807,
                              "Days":  10675199,
                              "Hours":  2,
                              "Milliseconds":  477,
                              "Minutes":  48,
                              "Seconds":  5,
                              "TotalDays":  10675199.116730064,
                              "TotalHours":  256204778.80152154,
                              "TotalMilliseconds":  922337203685477,
                              "TotalMinutes":  15372286728.091293,
                              "TotalSeconds":  922337203685.47754
                          },
        "PSComputerName":  null
    },
    {
        "Publish":  0,
        "Protocol":  2,
        "Store":  1,
        "AddressFamily":  23,
        "State":  0,
        "ifIndex":  9,
        "Caption":  null,
        "Description":  null,
        "ElementName":  null,
        "InstanceID":  "poB:DDo@l\u003cD=:\u003c=DC=;:DC@\u003ep9;\u003cB55C55DD55;",
        "AdminDistance":  null,
        "DestinationAddress":  null,
        "IsStatic":  null,
        "RouteMetric":  256,
        "TypeOfRoute":  3,
        "CompartmentId":  1,
        "DestinationPrefix":  "fe80::e6b2:3023:9310:964f/128",
        "InterfaceAlias":  "Local Area Connection* 1",
        "InterfaceIndex":  9,
        "InterfaceMetric":  25,
        "NextHop":  "::",
        "PreferredLifetime":  {
                                  "Ticks":  9223372036854775807,
                                  "Days":  10675199,
                                  "Hours":  2,
                                  "Milliseconds":  477,
                                  "Minutes":  48,
                                  "Seconds":  5,
                                  "TotalDays":  10675199.116730064,
                                  "TotalHours":  256204778.80152154,
                                  "TotalMilliseconds":  922337203685477,
                                  "TotalMinutes":  15372286728.091293,
                                  "TotalSeconds":  922337203685.47754
                              },
        "ValidLifetime":  {
                              "Ticks":  9223372036854775807,
                              "Days":  10675199,
                              "Hours":  2,
                              "Milliseconds":  477,
                              "Minutes":  48,
                              "Seconds":  5,
                              "TotalDays":  10675199.116730064,
                              "TotalHours":  256204778.80152154,
                              "TotalMilliseconds":  922337203685477,
                              "TotalMinutes":  15372286728.091293,
                              "TotalSeconds":  922337203685.47754
                          },
        "PSComputerName":  null
    },
    {
        "Publish":  0,
        "Protocol":  2,
        "Store":  1,
        "AddressFamily":  23,
        "State":  0,
        "ifIndex":  16,
        "Caption":  null,
        "Description":  null,
        "ElementName":  null,
        "InstanceID":  "poB:DDmmlkDp:nCDC;o@Do;\u003c;9;\u003cB55;@55DD55;",
        "AdminDistance":  null,
        "DestinationAddress":  null,
        "IsStatic":  null,
        "RouteMetric":  256,
        "TypeOfRoute":  3,
        "CompartmentId":  1,
        "DestinationPrefix":  "fe80::ccba:f0d9:91e6:e121/128",
        "InterfaceAlias":  "Wi-Fi",
        "InterfaceIndex":  16,
        "InterfaceMetric":  55,
        "NextHop":  "::",
        "PreferredLifetime":  {
                                  "Ticks":  9223372036854775807,
                                  "Days":  10675199,
                                  "Hours":  2,
                                  "Milliseconds":  477,
                                  "Minutes":  48,
                                  "Seconds":  5,
                                  "TotalDays":  10675199.116730064,
                                  "TotalHours":  256204778.80152154,
                                  "TotalMilliseconds":  922337203685477,
                                  "TotalMinutes":  15372286728.091293,
                                  "TotalSeconds":  922337203685.47754
                              },
        "ValidLifetime":  {
                              "Ticks":  9223372036854775807,
                              "Days":  10675199,
                              "Hours":  2,
                              "Milliseconds":  477,
                              "Minutes":  48,
                              "Seconds":  5,
                              "TotalDays":  10675199.116730064,
                              "TotalHours":  256204778.80152154,
                              "TotalMilliseconds":  922337203685477,
                              "TotalMinutes":  15372286728.091293,
                              "TotalSeconds":  922337203685.47754
                          },
        "PSComputerName":  null
    },
    {
        "Publish":  0,
        "Protocol":  2,
        "Store":  1,
        "AddressFamily":  23,
        "State":  0,
        "ifIndex":  19,
        "Caption":  null,
        "Description":  null,
        "ElementName":  null,
        "InstanceID":  "poB:DD\u003coApD=kkADA\u003c\u003c:D\u003c\u003e:n9;\u003cB55;C55DD55;",
        "AdminDistance":  null,
        "DestinationAddress":  null,
        "IsStatic":  null,
        "RouteMetric":  256,
        "TypeOfRoute":  3,
        "CompartmentId":  1,
        "DestinationPrefix":  "fe80::2e7f:3aa7:7220:240d/128",
        "InterfaceAlias":  "Ethernet",
        "InterfaceIndex":  19,
        "InterfaceMetric":  5,
        "NextHop":  "::",
        "PreferredLifetime":  {
                                  "Ticks":  9223372036854775807,
                                  "Days":  10675199,
                                  "Hours":  2,
                                  "Milliseconds":  477,
                                  "Minutes":  48,
                                  "Seconds":  5,
                                  "TotalDays":  10675199.116730064,
                                  "TotalHours":  256204778.80152154,
                                  "TotalMilliseconds":  922337203685477,
                                  "TotalMinutes":  15372286728.091293,
                                  "TotalSeconds":  922337203685.47754
                              },
        "ValidLifetime":  {
                              "Ticks":  9223372036854775807,
                              "Days":  10675199,
                              "Hours":  2,
                              "Milliseconds":  477,
                              "Minutes":  48,
                              "Seconds":  5,
                              "TotalDays":  10675199.116730064,
                              "TotalHours":  256204778.80152154,
                              "TotalMilliseconds":  922337203685477,
                              "TotalMinutes":  15372286728.091293,
                              "TotalSeconds":  922337203685.47754
                          },
        "PSComputerName":  null
    },
    {
        "Publish":  0,
        "Protocol":  2,
        "Store":  1,
        "AddressFamily":  23,
        "State":  0,
        "ifIndex":  12,
        "Caption":  null,
        "Description":  null,
        "ElementName":  null,
        "InstanceID":  "poB:DD9@\u003e55;\u003c55DD55;",
        "AdminDistance":  null,
        "DestinationAddress":  null,
        "IsStatic":  null,
        "RouteMetric":  256,
        "TypeOfRoute":  3,
        "CompartmentId":  1,
        "DestinationPrefix":  "fe80::/64",
        "InterfaceAlias":  "Local Area Connection* 2",
        "InterfaceIndex":  12,
        "InterfaceMetric":  25,
        "NextHop":  "::",
        "PreferredLifetime":  {
                                  "Ticks":  9223372036854775807,
                                  "Days":  10675199,
                                  "Hours":  2,
                                  "Milliseconds":  477,
                                  "Minutes":  48,
                                  "Seconds":  5,
                                  "TotalDays":  10675199.116730064,
                                  "TotalHours":  256204778.80152154,
                                  "TotalMilliseconds":  922337203685477,
                                  "TotalMinutes":  15372286728.091293,
                                  "TotalSeconds":  922337203685.47754
                              },
        "ValidLifetime":  {
                              "Ticks":  9223372036854775807,
                              "Days":  10675199,
                              "Hours":  2,
                              "Milliseconds":  477,
                              "Minutes":  48,
                              "Seconds":  5,
                              "TotalDays":  10675199.116730064,
                              "TotalHours":  256204778.80152154,
                              "TotalMilliseconds":  922337203685477,
                              "TotalMinutes":  15372286728.091293,
                              "TotalSeconds":  922337203685.47754
                          },
        "PSComputerName":  null
    },
    {
        "Publish":  0,
        "Protocol":  2,
        "Store":  1,
        "AddressFamily":  23,
        "State":  0,
        "ifIndex":  26,
        "Caption":  null,
        "Description":  null,
        "ElementName":  null,
        "InstanceID":  "poB:DD9@\u003e55\u003c@55DD55;",
        "AdminDistance":  null,
        "DestinationAddress":  null,
        "IsStatic":  null,
        "RouteMetric":  256,
        "TypeOfRoute":  3,
        "CompartmentId":  1,
        "DestinationPrefix":  "fe80::/64",
        "InterfaceAlias":  "vEthernet (Default Switch)",
        "InterfaceIndex":  26,
        "InterfaceMetric":  5000,
        "NextHop":  "::",
        "PreferredLifetime":  {
                                  "Ticks":  9223372036854775807,
                                  "Days":  10675199,
                                  "Hours":  2,
                                  "Milliseconds":  477,
                                  "Minutes":  48,
                                  "Seconds":  5,
                                  "TotalDays":  10675199.116730064,
                                  "TotalHours":  256204778.80152154,
                                  "TotalMilliseconds":  922337203685477,
                                  "TotalMinutes":  15372286728.091293,
                                  "TotalSeconds":  922337203685.47754
                              },
        "ValidLifetime":  {
                              "Ticks":  9223372036854775807,
                              "Days":  10675199,
                              "Hours":  2,
                              "Milliseconds":  477,
                              "Minutes":  48,
                              "Seconds":  5,
                              "TotalDays":  10675199.116730064,
                              "TotalHours":  256204778.80152154,
                              "TotalMilliseconds":  922337203685477,
                              "TotalMinutes":  15372286728.091293,
                              "TotalSeconds":  922337203685.47754
                          },
        "PSComputerName":  null
    },
    {
        "Publish":  0,
        "Protocol":  2,
        "Store":  1,
        "AddressFamily":  23,
        "State":  0,
        "ifIndex":  9,
        "Caption":  null,
        "Description":  null,
        "ElementName":  null,
        "InstanceID":  "poB:DD9@\u003e55C55DD55;",
        "AdminDistance":  null,
        "DestinationAddress":  null,
        "IsStatic":  null,
        "RouteMetric":  256,
        "TypeOfRoute":  3,
        "CompartmentId":  1,
        "DestinationPrefix":  "fe80::/64",
        "InterfaceAlias":  "Local Area Connection* 1",
        "InterfaceIndex":  9,
        "InterfaceMetric":  25,
        "NextHop":  "::",
        "PreferredLifetime":  {
                                  "Ticks":  9223372036854775807,
                                  "Days":  10675199,
                                  "Hours":  2,
                                  "Milliseconds":  477,
                                  "Minutes":  48,
                                  "Seconds":  5,
                                  "TotalDays":  10675199.116730064,
                                  "TotalHours":  256204778.80152154,
                                  "TotalMilliseconds":  922337203685477,
                                  "TotalMinutes":  15372286728.091293,
                                  "TotalSeconds":  922337203685.47754
                              },
        "ValidLifetime":  {
                              "Ticks":  9223372036854775807,
                              "Days":  10675199,
                              "Hours":  2,
                              "Milliseconds":  477,
                              "Minutes":  48,
                              "Seconds":  5,
                              "TotalDays":  10675199.116730064,
                              "TotalHours":  256204778.80152154,
                              "TotalMilliseconds":  922337203685477,
                              "TotalMinutes":  15372286728.091293,
                              "TotalSeconds":  922337203685.47754
                          },
        "PSComputerName":  null
    },
    {
        "Publish":  0,
        "Protocol":  2,
        "Store":  1,
        "AddressFamily":  23,
        "State":  0,
        "ifIndex":  16,
        "Caption":  null,
        "Description":  null,
        "ElementName":  null,
        "InstanceID":  "poB:DD9@\u003e55;@55DD55;",
        "AdminDistance":  null,
        "DestinationAddress":  null,
        "IsStatic":  null,
        "RouteMetric":  256,
        "TypeOfRoute":  3,
        "CompartmentId":  1,
        "DestinationPrefix":  "fe80::/64",
        "InterfaceAlias":  "Wi-Fi",
        "InterfaceIndex":  16,
        "InterfaceMetric":  55,
        "NextHop":  "::",
        "PreferredLifetime":  {
                                  "Ticks":  9223372036854775807,
                                  "Days":  10675199,
                                  "Hours":  2,
                                  "Milliseconds":  477,
                                  "Minutes":  48,
                                  "Seconds":  5,
                                  "TotalDays":  10675199.116730064,
                                  "TotalHours":  256204778.80152154,
                                  "TotalMilliseconds":  922337203685477,
                                  "TotalMinutes":  15372286728.091293,
                                  "TotalSeconds":  922337203685.47754
                              },
        "ValidLifetime":  {
                              "Ticks":  9223372036854775807,
                              "Days":  10675199,
                              "Hours":  2,
                              "Milliseconds":  477,
                              "Minutes":  48,
                              "Seconds":  5,
                              "TotalDays":  10675199.116730064,
                              "TotalHours":  256204778.80152154,
                              "TotalMilliseconds":  922337203685477,
                              "TotalMinutes":  15372286728.091293,
                              "TotalSeconds":  922337203685.47754
                          },
        "PSComputerName":  null
    },
    {
        "Publish":  0,
        "Protocol":  2,
        "Store":  1,
        "AddressFamily":  23,
        "State":  0,
        "ifIndex":  19,
        "Caption":  null,
        "Description":  null,
        "ElementName":  null,
        "InstanceID":  "poB:DD9@\u003e55;C55DD55;",
        "AdminDistance":  null,
        "DestinationAddress":  null,
        "IsStatic":  null,
        "RouteMetric":  256,
        "TypeOfRoute":  3,
        "CompartmentId":  1,
        "DestinationPrefix":  "fe80::/64",
        "InterfaceAlias":  "Ethernet",
        "InterfaceIndex":  19,
        "InterfaceMetric":  5,
        "NextHop":  "::",
        "PreferredLifetime":  {
                                  "Ticks":  9223372036854775807,
                                  "Days":  10675199,
                                  "Hours":  2,
                                  "Milliseconds":  477,
                                  "Minutes":  48,
                                  "Seconds":  5,
                                  "TotalDays":  10675199.116730064,
                                  "TotalHours":  256204778.80152154,
                                  "TotalMilliseconds":  922337203685477,
                                  "TotalMinutes":  15372286728.091293,
                                  "TotalSeconds":  922337203685.47754
                              },
        "ValidLifetime":  {
                              "Ticks":  9223372036854775807,
                              "Days":  10675199,
                              "Hours":  2,
                              "Milliseconds":  477,
                              "Minutes":  48,
                              "Seconds":  5,
                              "TotalDays":  10675199.116730064,
                              "TotalHours":  256204778.80152154,
                              "TotalMilliseconds":  922337203685477,
                              "TotalMinutes":  15372286728.091293,
                              "TotalSeconds":  922337203685.47754
                          },
        "PSComputerName":  null
    },
    {
        "Publish":  0,
        "Protocol":  2,
        "Store":  1,
        "AddressFamily":  23,
        "State":  0,
        "ifIndex":  16,
        "Caption":  null,
        "Description":  null,
        "ElementName":  null,
        "InstanceID":  "\u003c\u003e:;D\u003eC::DBp?\u003eDk\u003c\u003cAD@l\u003cD?\u003cBoD\u003eklDB@==9;\u003cB55;@55DD55;",
        "AdminDistance":  null,
        "DestinationAddress":  null,
        "IsStatic":  null,
        "RouteMetric":  256,
        "TypeOfRoute":  3,
        "CompartmentId":  1,
        "DestinationPrefix":  "2401:4900:8f54:a227:6b2:528e:4ab:8633/128",
        "InterfaceAlias":  "Wi-Fi",
        "InterfaceIndex":  16,
        "InterfaceMetric":  55,
        "NextHop":  "::",
        "PreferredLifetime":  {
                                  "Ticks":  9223372036854775807,
                                  "Days":  10675199,
                                  "Hours":  2,
                                  "Milliseconds":  477,
                                  "Minutes":  48,
                                  "Seconds":  5,
                                  "TotalDays":  10675199.116730064,
                                  "TotalHours":  256204778.80152154,
                                  "TotalMilliseconds":  922337203685477,
                                  "TotalMinutes":  15372286728.091293,
                                  "TotalSeconds":  922337203685.47754
                              },
        "ValidLifetime":  {
                              "Ticks":  9223372036854775807,
                              "Days":  10675199,
                              "Hours":  2,
                              "Milliseconds":  477,
                              "Minutes":  48,
                              "Seconds":  5,
                              "TotalDays":  10675199.116730064,
                              "TotalHours":  256204778.80152154,
                              "TotalMilliseconds":  922337203685477,
                              "TotalMinutes":  15372286728.091293,
                              "TotalSeconds":  922337203685.47754
                          },
        "PSComputerName":  null
    },
    {
        "Publish":  0,
        "Protocol":  2,
        "Store":  1,
        "AddressFamily":  23,
        "State":  0,
        "ifIndex":  16,
        "Caption":  null,
        "Description":  null,
        "ElementName":  null,
        "InstanceID":  "\u003c\u003e:;D\u003eC::DBp?\u003eDk\u003c\u003cAD??@DlBkAD\u003e\u003cooDnop:9;\u003cB55;@55DD55;",
        "AdminDistance":  null,
        "DestinationAddress":  null,
        "IsStatic":  null,
        "RouteMetric":  256,
        "TypeOfRoute":  3,
        "CompartmentId":  1,
        "DestinationPrefix":  "2401:4900:8f54:a227:556:b8a7:42ee:def0/128",
        "InterfaceAlias":  "Wi-Fi",
        "InterfaceIndex":  16,
        "InterfaceMetric":  55,
        "NextHop":  "::",
        "PreferredLifetime":  {
                                  "Ticks":  9223372036854775807,
                                  "Days":  10675199,
                                  "Hours":  2,
                                  "Milliseconds":  477,
                                  "Minutes":  48,
                                  "Seconds":  5,
                                  "TotalDays":  10675199.116730064,
                                  "TotalHours":  256204778.80152154,
                                  "TotalMilliseconds":  922337203685477,
                                  "TotalMinutes":  15372286728.091293,
                                  "TotalSeconds":  922337203685.47754
                              },
        "ValidLifetime":  {
                              "Ticks":  9223372036854775807,
                              "Days":  10675199,
                              "Hours":  2,
                              "Milliseconds":  477,
                              "Minutes":  48,
                              "Seconds":  5,
                              "TotalDays":  10675199.116730064,
                              "TotalHours":  256204778.80152154,
                              "TotalMilliseconds":  922337203685477,
                              "TotalMinutes":  15372286728.091293,
                              "TotalSeconds":  922337203685.47754
                          },
        "PSComputerName":  null
    },
    {
        "Publish":  0,
        "Protocol":  3,
        "Store":  1,
        "AddressFamily":  23,
        "State":  0,
        "ifIndex":  16,
        "Caption":  null,
        "Description":  null,
        "ElementName":  null,
        "InstanceID":  "\u003c\u003e:;D\u003eC::DBp?\u003eDk\u003c\u003cADD9@\u003e55;@55poB:DD;@??DlCppDpompDl;l?55;",
        "AdminDistance":  null,
        "DestinationAddress":  null,
        "IsStatic":  null,
        "RouteMetric":  16,
        "TypeOfRoute":  3,
        "CompartmentId":  1,
        "DestinationPrefix":  "2401:4900:8f54:a227::/64",
        "InterfaceAlias":  "Wi-Fi",
        "InterfaceIndex":  16,
        "InterfaceMetric":  55,
        "NextHop":  "fe80::1655:b9ff:fecf:b1b5",
        "PreferredLifetime":  {
                                  "Ticks":  863270000000,
                                  "Days":  0,
                                  "Hours":  23,
                                  "Milliseconds":  0,
                                  "Minutes":  58,
                                  "Seconds":  47,
                                  "TotalDays":  0.9991550925925925,
                                  "TotalHours":  23.979722222222222,
                                  "TotalMilliseconds":  86327000,
                                  "TotalMinutes":  1438.7833333333333,
                                  "TotalSeconds":  86327
                              },
        "ValidLifetime":  {
                              "Ticks":  863270000000,
                              "Days":  0,
                              "Hours":  23,
                              "Milliseconds":  0,
                              "Minutes":  58,
                              "Seconds":  47,
                              "TotalDays":  0.9991550925925925,
                              "TotalHours":  23.979722222222222,
                              "TotalMilliseconds":  86327000,
                              "TotalMinutes":  1438.7833333333333,
                              "TotalSeconds":  86327
                          },
        "PSComputerName":  null
    },
    {
        "Publish":  0,
        "Protocol":  3,
        "Store":  1,
        "AddressFamily":  23,
        "State":  0,
        "ifIndex":  16,
        "Caption":  null,
        "Description":  null,
        "ElementName":  null,
        "InstanceID":  "\u003c\u003e:;D\u003eC::DBp?\u003eDk\u003c\u003cADD9@\u003e55;@55DD55;",
        "AdminDistance":  null,
        "DestinationAddress":  null,
        "IsStatic":  null,
        "RouteMetric":  256,
        "TypeOfRoute":  3,
        "CompartmentId":  1,
        "DestinationPrefix":  "2401:4900:8f54:a227::/64",
        "InterfaceAlias":  "Wi-Fi",
        "InterfaceIndex":  16,
        "InterfaceMetric":  55,
        "NextHop":  "::",
        "PreferredLifetime":  {
                                  "Ticks":  863270000000,
                                  "Days":  0,
                                  "Hours":  23,
                                  "Milliseconds":  0,
                                  "Minutes":  58,
                                  "Seconds":  47,
                                  "TotalDays":  0.9991550925925925,
                                  "TotalHours":  23.979722222222222,
                                  "TotalMilliseconds":  86327000,
                                  "TotalMinutes":  1438.7833333333333,
                                  "TotalSeconds":  86327
                              },
        "ValidLifetime":  {
                              "Ticks":  863270000000,
                              "Days":  0,
                              "Hours":  23,
                              "Milliseconds":  0,
                              "Minutes":  58,
                              "Seconds":  47,
                              "TotalDays":  0.9991550925925925,
                              "TotalHours":  23.979722222222222,
                              "TotalMilliseconds":  86327000,
                              "TotalMinutes":  1438.7833333333333,
                              "TotalSeconds":  86327
                          },
        "PSComputerName":  null
    },
    {
        "Publish":  0,
        "Protocol":  2,
        "Store":  1,
        "AddressFamily":  23,
        "State":  0,
        "ifIndex":  1,
        "Caption":  null,
        "Description":  null,
        "ElementName":  null,
        "InstanceID":  "DD;9;\u003cB55;55DD55;",
        "AdminDistance":  null,
        "DestinationAddress":  null,
        "IsStatic":  null,
        "RouteMetric":  256,
        "TypeOfRoute":  3,
        "CompartmentId":  1,
        "DestinationPrefix":  "::1/128",
        "InterfaceAlias":  "Loopback Pseudo-Interface 1",
        "InterfaceIndex":  1,
        "InterfaceMetric":  75,
        "NextHop":  "::",
        "PreferredLifetime":  {
                                  "Ticks":  9223372036854775807,
                                  "Days":  10675199,
                                  "Hours":  2,
                                  "Milliseconds":  477,
                                  "Minutes":  48,
                                  "Seconds":  5,
                                  "TotalDays":  10675199.116730064,
                                  "TotalHours":  256204778.80152154,
                                  "TotalMilliseconds":  922337203685477,
                                  "TotalMinutes":  15372286728.091293,
                                  "TotalSeconds":  922337203685.47754
                              },
        "ValidLifetime":  {
                              "Ticks":  9223372036854775807,
                              "Days":  10675199,
                              "Hours":  2,
                              "Milliseconds":  477,
                              "Minutes":  48,
                              "Seconds":  5,
                              "TotalDays":  10675199.116730064,
                              "TotalHours":  256204778.80152154,
                              "TotalMilliseconds":  922337203685477,
                              "TotalMinutes":  15372286728.091293,
                              "TotalSeconds":  922337203685.47754
                          },
        "PSComputerName":  null
    },
    {
        "Publish":  0,
        "Protocol":  3,
        "Store":  1,
        "AddressFamily":  23,
        "State":  0,
        "ifIndex":  16,
        "Caption":  null,
        "Description":  null,
        "ElementName":  null,
        "InstanceID":  "DD9:55;@55poB:DD;@??DlCppDpompDl;l?55;",
        "AdminDistance":  null,
        "DestinationAddress":  null,
        "IsStatic":  null,
        "RouteMetric":  256,
        "TypeOfRoute":  3,
        "CompartmentId":  1,
        "DestinationPrefix":  "::/0",
        "InterfaceAlias":  "Wi-Fi",
        "InterfaceIndex":  16,
        "InterfaceMetric":  55,
        "NextHop":  "fe80::1655:b9ff:fecf:b1b5",
        "PreferredLifetime":  {
                                  "Ticks":  17270000000,
                                  "Days":  0,
                                  "Hours":  0,
                                  "Milliseconds":  0,
                                  "Minutes":  28,
                                  "Seconds":  47,
                                  "TotalDays":  0.019988425925925923,
                                  "TotalHours":  0.47972222222222222,
                                  "TotalMilliseconds":  1727000,
                                  "TotalMinutes":  28.783333333333335,
                                  "TotalSeconds":  1727
                              },
        "ValidLifetime":  {
                              "Ticks":  17270000000,
                              "Days":  0,
                              "Hours":  0,
                              "Milliseconds":  0,
                              "Minutes":  28,
                              "Seconds":  47,
                              "TotalDays":  0.019988425925925923,
                              "TotalHours":  0.47972222222222222,
                              "TotalMilliseconds":  1727000,
                              "TotalMinutes":  28.783333333333335,
                              "TotalSeconds":  1727
                          },
        "PSComputerName":  null
    }
]
