[
    {
        "Store":  1,
        "AddressFamily":  23,
        "Forwarding":  0,
        "ClampMss":  0,
        "Advertising":  0,
        "NeighborUnreachabilityDetection":  1,
        "RouterDiscovery":  1,
        "NeighborDiscoverySupported":  1,
        "ManagedAddressConfiguration":  0,
        "OtherStatefulConfiguration":  0,
        "WeakHostSend":  0,
        "WeakHostReceive":  0,
        "IgnoreDefaultRoutes":  0,
        "AdvertiseDefaultRoute":  0,
        "ForceArpNdWolPattern":  0,
        "DirectedMacWolPattern":  0,
        "EcnMarking":  3,
        "Dhcp":  1,
        "ConnectionState":  1,
        "AutomaticMetric":  0,
        "ifIndex":  26,
        "ifAlias":  "vEthernet (Default Switch)",
        "Caption":  null,
        "Description":  null,
        "ElementName":  null,
        "InstanceID":  null,
        "CommunicationStatus":  null,
        "DetailedStatus":  null,
        "HealthState":  null,
        "InstallDate":  null,
        "Name":  "\u003c@55\u003c=55;",
        "OperatingStatus":  null,
        "OperationalStatus":  null,
        "PrimaryStatus":  null,
        "Status":  null,
        "StatusDescriptions":  null,
        "AvailableRequestedStates":  null,
        "EnabledDefault":  2,
        "EnabledState":  null,
        "OtherEnabledState":  null,
        "RequestedState":  12,
        "TimeOfLastStateChange":  null,
        "TransitioningToState":  12,
        "CreationClassName":  "",
        "SystemCreationClassName":  "",
        "SystemName":  "",
        "NameFormat":  null,
        "OtherTypeDescription":  null,
        "ProtocolIFType":  null,
        "ProtocolType":  null,
        "AliasAddresses":  null,
        "GroupAddresses":  null,
        "LANID":  null,
        "LANType":  null,
        "MACAddress":  null,
        "MaxDataSize":  null,
        "OtherLANType":  null,
        "AdvertisedRouterLifetime":  {
                                         "Ticks":  18000000000,
                                         "Days":  0,
                                         "Hours":  0,
                                         "Milliseconds":  0,
                                         "Minutes":  30,
                                         "Seconds":  0,
                                         "TotalDays":  0.020833333333333332,
                                         "TotalHours":  0.5,
                                         "TotalMilliseconds":  1800000,
                                         "TotalMinutes":  30,
                                         "TotalSeconds":  1800
                                     },
        "BaseReachableTime":  30000,
        "CompartmentId":  1,
        "CurrentHopLimit":  0,
        "DadRetransmitTime":  1000,
        "DadTransmits":  1,
        "InterfaceAlias":  "vEthernet (Default Switch)",
        "InterfaceIndex":  26,
        "InterfaceMetric":  5000,
        "IsolationId":  0,
        "LowestIfNetLuid":  1689399733518336,
        "NlMtu":  1500,
        "ReachableTime":  22000,
        "RetransmitTime":  1000,
        "PSComputerName":  null
    },
    {
        "Store":  1,
        "AddressFamily":  23,
        "Forwarding":  0,
        "ClampMss":  0,
        "Advertising":  0,
        "NeighborUnreachabilityDetection":  1,
        "RouterDiscovery":  1,
        "NeighborDiscoverySupported":  1,
        "ManagedAddressConfiguration":  0,
        "OtherStatefulConfiguration":  0,
        "WeakHostSend":  0,
        "WeakHostReceive":  0,
        "IgnoreDefaultRoutes":  0,
        "AdvertiseDefaultRoute":  0,
        "ForceArpNdWolPattern":  0,
        "DirectedMacWolPattern":  0,
        "EcnMarking":  3,
        "Dhcp":  1,
        "ConnectionState":  0,
        "AutomaticMetric":  1,
        "ifIndex":  12,
        "ifAlias":  "Local Area Connection* 2",
        "Caption":  null,
        "Description":  null,
        "ElementName":  null,
        "InstanceID":  null,
        "CommunicationStatus":  null,
        "DetailedStatus":  null,
        "HealthState":  null,
        "InstallDate":  null,
        "Name":  ";\u003c55\u003c=55;",
        "OperatingStatus":  null,
        "OperationalStatus":  null,
        "PrimaryStatus":  null,
        "Status":  null,
        "StatusDescriptions":  null,
        "AvailableRequestedStates":  null,
        "EnabledDefault":  2,
        "EnabledState":  null,
        "OtherEnabledState":  null,
        "RequestedState":  12,
        "TimeOfLastStateChange":  null,
        "TransitioningToState":  12,
        "CreationClassName":  "",
        "SystemCreationClassName":  "",
        "SystemName":  "",
        "NameFormat":  null,
        "OtherTypeDescription":  null,
        "ProtocolIFType":  null,
        "ProtocolType":  null,
        "AliasAddresses":  null,
        "GroupAddresses":  null,
        "LANID":  null,
        "LANType":  null,
        "MACAddress":  null,
        "MaxDataSize":  null,
        "OtherLANType":  null,
        "AdvertisedRouterLifetime":  {
                                         "Ticks":  18000000000,
                                         "Days":  0,
                                         "Hours":  0,
                                         "Milliseconds":  0,
                                         "Minutes":  30,
                                         "Seconds":  0,
                                         "TotalDays":  0.020833333333333332,
                                         "TotalHours":  0.5,
                                         "TotalMilliseconds":  1800000,
                                         "TotalMinutes":  30,
                                         "TotalSeconds":  1800
                                     },
        "BaseReachableTime":  30000,
        "CompartmentId":  1,
        "CurrentHopLimit":  0,
        "DadRetransmitTime":  1000,
        "DadTransmits":  1,
        "InterfaceAlias":  "Local Area Connection* 2",
        "InterfaceIndex":  12,
        "InterfaceMetric":  25,
        "IsolationId":  0,
        "LowestIfNetLuid":  19985273135824896,
        "NlMtu":  1500,
        "ReachableTime":  16000,
        "RetransmitTime":  1000,
        "PSComputerName":  null
    },
    {
        "Store":  1,
        "AddressFamily":  23,
        "Forwarding":  0,
        "ClampMss":  0,
        "Advertising":  0,
        "NeighborUnreachabilityDetection":  1,
        "RouterDiscovery":  1,
        "NeighborDiscoverySupported":  1,
        "ManagedAddressConfiguration":  0,
        "OtherStatefulConfiguration":  0,
        "WeakHostSend":  0,
        "WeakHostReceive":  0,
        "IgnoreDefaultRoutes":  0,
        "AdvertiseDefaultRoute":  0,
        "ForceArpNdWolPattern":  0,
        "DirectedMacWolPattern":  0,
        "EcnMarking":  3,
        "Dhcp":  0,
        "ConnectionState":  0,
        "AutomaticMetric":  1,
        "ifIndex":  9,
        "ifAlias":  "Local Area Connection* 1",
        "Caption":  null,
        "Description":  null,
        "ElementName":  null,
        "InstanceID":  null,
        "CommunicationStatus":  null,
        "DetailedStatus":  null,
        "HealthState":  null,
        "InstallDate":  null,
        "Name":  "C55\u003c=55;",
        "OperatingStatus":  null,
        "OperationalStatus":  null,
        "PrimaryStatus":  null,
        "Status":  null,
        "StatusDescriptions":  null,
        "AvailableRequestedStates":  null,
        "EnabledDefault":  2,
        "EnabledState":  null,
        "OtherEnabledState":  null,
        "RequestedState":  12,
        "TimeOfLastStateChange":  null,
        "TransitioningToState":  12,
        "CreationClassName":  "",
        "SystemCreationClassName":  "",
        "SystemName":  "",
        "NameFormat":  null,
        "OtherTypeDescription":  null,
        "ProtocolIFType":  null,
        "ProtocolType":  null,
        "AliasAddresses":  null,
        "GroupAddresses":  null,
        "LANID":  null,
        "LANType":  null,
        "MACAddress":  null,
        "MaxDataSize":  null,
        "OtherLANType":  null,
        "AdvertisedRouterLifetime":  {
                                         "Ticks":  18000000000,
                                         "Days":  0,
                                         "Hours":  0,
                                         "Milliseconds":  0,
                                         "Minutes":  30,
                                         "Seconds":  0,
                                         "TotalDays":  0.020833333333333332,
                                         "TotalHours":  0.5,
                                         "TotalMilliseconds":  1800000,
                                         "TotalMinutes":  30,
                                         "TotalSeconds":  1800
                                     },
        "BaseReachableTime":  30000,
        "CompartmentId":  1,
        "CurrentHopLimit":  0,
        "DadRetransmitTime":  1000,
        "DadTransmits":  1,
        "InterfaceAlias":  "Local Area Connection* 1",
        "InterfaceIndex":  9,
        "InterfaceMetric":  25,
        "IsolationId":  0,
        "LowestIfNetLuid":  19985273119047680,
        "NlMtu":  1500,
        "ReachableTime":  29500,
        "RetransmitTime":  1000,
        "PSComputerName":  null
    },
    {
        "Store":  1,
        "AddressFamily":  23,
        "Forwarding":  0,
        "ClampMss":  0,
        "Advertising":  0,
        "NeighborUnreachabilityDetection":  1,
        "RouterDiscovery":  1,
        "NeighborDiscoverySupported":  1,
        "ManagedAddressConfiguration":  0,
        "OtherStatefulConfiguration":  0,
        "WeakHostSend":  0,
        "WeakHostReceive":  0,
        "IgnoreDefaultRoutes":  0,
        "AdvertiseDefaultRoute":  0,
        "ForceArpNdWolPattern":  0,
        "DirectedMacWolPattern":  0,
        "EcnMarking":  3,
        "Dhcp":  0,
        "ConnectionState":  0,
        "AutomaticMetric":  1,
        "ifIndex":  19,
        "ifAlias":  "Ethernet",
        "Caption":  null,
        "Description":  null,
        "ElementName":  null,
        "InstanceID":  null,
        "CommunicationStatus":  null,
        "DetailedStatus":  null,
        "HealthState":  null,
        "InstallDate":  null,
        "Name":  ";C55\u003c=55;",
        "OperatingStatus":  null,
        "OperationalStatus":  null,
        "PrimaryStatus":  null,
        "Status":  null,
        "StatusDescriptions":  null,
        "AvailableRequestedStates":  null,
        "EnabledDefault":  2,
        "EnabledState":  null,
        "OtherEnabledState":  null,
        "RequestedState":  12,
        "TimeOfLastStateChange":  null,
        "TransitioningToState":  12,
        "CreationClassName":  "",
        "SystemCreationClassName":  "",
        "SystemName":  "",
        "NameFormat":  null,
        "OtherTypeDescription":  null,
        "ProtocolIFType":  null,
        "ProtocolType":  null,
        "AliasAddresses":  null,
        "GroupAddresses":  null,
        "LANID":  null,
        "LANType":  null,
        "MACAddress":  null,
        "MaxDataSize":  null,
        "OtherLANType":  null,
        "AdvertisedRouterLifetime":  {
                                         "Ticks":  18000000000,
                                         "Days":  0,
                                         "Hours":  0,
                                         "Milliseconds":  0,
                                         "Minutes":  30,
                                         "Seconds":  0,
                                         "TotalDays":  0.020833333333333332,
                                         "TotalHours":  0.5,
                                         "TotalMilliseconds":  1800000,
                                         "TotalMinutes":  30,
                                         "TotalSeconds":  1800
                                     },
        "BaseReachableTime":  30000,
        "CompartmentId":  1,
        "CurrentHopLimit":  0,
        "DadRetransmitTime":  1000,
        "DadTransmits":  1,
        "InterfaceAlias":  "Ethernet",
        "InterfaceIndex":  19,
        "InterfaceMetric":  5,
        "IsolationId":  0,
        "LowestIfNetLuid":  1689399632855040,
        "NlMtu":  1500,
        "ReachableTime":  27000,
        "RetransmitTime":  1000,
        "PSComputerName":  null
    },
    {
        "Store":  1,
        "AddressFamily":  23,
        "Forwarding":  0,
        "ClampMss":  0,
        "Advertising":  0,
        "NeighborUnreachabilityDetection":  1,
        "RouterDiscovery":  1,
        "NeighborDiscoverySupported":  1,
        "ManagedAddressConfiguration":  0,
        "OtherStatefulConfiguration":  1,
        "WeakHostSend":  0,
        "WeakHostReceive":  0,
        "IgnoreDefaultRoutes":  0,
        "AdvertiseDefaultRoute":  0,
        "ForceArpNdWolPattern":  0,
        "DirectedMacWolPattern":  0,
        "EcnMarking":  3,
        "Dhcp":  1,
        "ConnectionState":  1,
        "AutomaticMetric":  1,
        "ifIndex":  16,
        "ifAlias":  "Wi-Fi",
        "Caption":  null,
        "Description":  null,
        "ElementName":  null,
        "InstanceID":  null,
        "CommunicationStatus":  null,
        "DetailedStatus":  null,
        "HealthState":  null,
        "InstallDate":  null,
        "Name":  ";@55\u003c=55;",
        "OperatingStatus":  null,
        "OperationalStatus":  null,
        "PrimaryStatus":  null,
        "Status":  null,
        "StatusDescriptions":  null,
        "AvailableRequestedStates":  null,
        "EnabledDefault":  2,
        "EnabledState":  null,
        "OtherEnabledState":  null,
        "RequestedState":  12,
        "TimeOfLastStateChange":  null,
        "TransitioningToState":  12,
        "CreationClassName":  "",
        "SystemCreationClassName":  "",
        "SystemName":  "",
        "NameFormat":  null,
        "OtherTypeDescription":  null,
        "ProtocolIFType":  null,
        "ProtocolType":  null,
        "AliasAddresses":  null,
        "GroupAddresses":  null,
        "LANID":  null,
        "LANType":  null,
        "MACAddress":  null,
        "MaxDataSize":  null,
        "OtherLANType":  null,
        "AdvertisedRouterLifetime":  {
                                         "Ticks":  18000000000,
                                         "Days":  0,
                                         "Hours":  0,
                                         "Milliseconds":  0,
                                         "Minutes":  30,
                                         "Seconds":  0,
                                         "TotalDays":  0.020833333333333332,
                                         "TotalHours":  0.5,
                                         "TotalMilliseconds":  1800000,
                                         "TotalMinutes":  30,
                                         "TotalSeconds":  1800
                                     },
        "BaseReachableTime":  30000,
        "CompartmentId":  1,
        "CurrentHopLimit":  64,
        "DadRetransmitTime":  1000,
        "DadTransmits":  1,
        "InterfaceAlias":  "Wi-Fi",
        "InterfaceIndex":  16,
        "InterfaceMetric":  55,
        "IsolationId":  0,
        "LowestIfNetLuid":  19985273102270464,
        "NlMtu":  1500,
        "ReachableTime":  34500,
        "RetransmitTime":  1000,
        "PSComputerName":  null
    },
    {
        "Store":  1,
        "AddressFamily":  23,
        "Forwarding":  0,
        "ClampMss":  0,
        "Advertising":  0,
        "NeighborUnreachabilityDetection":  0,
        "RouterDiscovery":  1,
        "NeighborDiscoverySupported":  0,
        "ManagedAddressConfiguration":  0,
        "OtherStatefulConfiguration":  0,
        "WeakHostSend":  0,
        "WeakHostReceive":  0,
        "IgnoreDefaultRoutes":  0,
        "AdvertiseDefaultRoute":  0,
        "ForceArpNdWolPattern":  0,
        "DirectedMacWolPattern":  0,
        "EcnMarking":  3,
        "Dhcp":  0,
        "ConnectionState":  1,
        "AutomaticMetric":  1,
        "ifIndex":  1,
        "ifAlias":  "Loopback Pseudo-Interface 1",
        "Caption":  null,
        "Description":  null,
        "ElementName":  null,
        "InstanceID":  null,
        "CommunicationStatus":  null,
        "DetailedStatus":  null,
        "HealthState":  null,
        "InstallDate":  null,
        "Name":  ";55\u003c=55;",
        "OperatingStatus":  null,
        "OperationalStatus":  null,
        "PrimaryStatus":  null,
        "Status":  null,
        "StatusDescriptions":  null,
        "AvailableRequestedStates":  null,
        "EnabledDefault":  2,
        "EnabledState":  null,
        "OtherEnabledState":  null,
        "RequestedState":  12,
        "TimeOfLastStateChange":  null,
        "TransitioningToState":  12,
        "CreationClassName":  "",
        "SystemCreationClassName":  "",
        "SystemName":  "",
        "NameFormat":  null,
        "OtherTypeDescription":  null,
        "ProtocolIFType":  null,
        "ProtocolType":  null,
        "AliasAddresses":  null,
        "GroupAddresses":  null,
        "LANID":  null,
        "LANType":  null,
        "MACAddress":  null,
        "MaxDataSize":  null,
        "OtherLANType":  null,
        "AdvertisedRouterLifetime":  {
                                         "Ticks":  18000000000,
                                         "Days":  0,
                                         "Hours":  0,
                                         "Milliseconds":  0,
                                         "Minutes":  30,
                                         "Seconds":  0,
                                         "TotalDays":  0.020833333333333332,
                                         "TotalHours":  0.5,
                                         "TotalMilliseconds":  1800000,
                                         "TotalMinutes":  30,
                                         "TotalSeconds":  1800
                                     },
        "BaseReachableTime":  30000,
        "CompartmentId":  1,
        "CurrentHopLimit":  0,
        "DadRetransmitTime":  1000,
        "DadTransmits":  0,
        "InterfaceAlias":  "Loopback Pseudo-Interface 1",
        "InterfaceIndex":  1,
        "InterfaceMetric":  75,
        "IsolationId":  0,
        "LowestIfNetLuid":  0,
        "NlMtu":  4294967295,
        "ReachableTime":  19500,
        "RetransmitTime":  1000,
        "PSComputerName":  null
    },
    {
        "Store":  1,
        "AddressFamily":  2,
        "Forwarding":  0,
        "ClampMss":  0,
        "Advertising":  0,
        "NeighborUnreachabilityDetection":  1,
        "RouterDiscovery":  2,
        "NeighborDiscoverySupported":  1,
        "ManagedAddressConfiguration":  1,
        "OtherStatefulConfiguration":  1,
        "WeakHostSend":  0,
        "WeakHostReceive":  0,
        "IgnoreDefaultRoutes":  0,
        "AdvertiseDefaultRoute":  0,
        "ForceArpNdWolPattern":  0,
        "DirectedMacWolPattern":  0,
        "EcnMarking":  3,
        "Dhcp":  0,
        "ConnectionState":  1,
        "AutomaticMetric":  0,
        "ifIndex":  26,
        "ifAlias":  "vEthernet (Default Switch)",
        "Caption":  null,
        "Description":  null,
        "ElementName":  null,
        "InstanceID":  null,
        "CommunicationStatus":  null,
        "DetailedStatus":  null,
        "HealthState":  null,
        "InstallDate":  null,
        "Name":  "\u003c@55\u003c55;",
        "OperatingStatus":  null,
        "OperationalStatus":  null,
        "PrimaryStatus":  null,
        "Status":  null,
        "StatusDescriptions":  null,
        "AvailableRequestedStates":  null,
        "EnabledDefault":  2,
        "EnabledState":  null,
        "OtherEnabledState":  null,
        "RequestedState":  12,
        "TimeOfLastStateChange":  null,
        "TransitioningToState":  12,
        "CreationClassName":  "",
        "SystemCreationClassName":  "",
        "SystemName":  "",
        "NameFormat":  null,
        "OtherTypeDescription":  null,
        "ProtocolIFType":  null,
        "ProtocolType":  null,
        "AliasAddresses":  null,
        "GroupAddresses":  null,
        "LANID":  null,
        "LANType":  null,
        "MACAddress":  null,
        "MaxDataSize":  null,
        "OtherLANType":  null,
        "AdvertisedRouterLifetime":  {
                                         "Ticks":  18000000000,
                                         "Days":  0,
                                         "Hours":  0,
                                         "Milliseconds":  0,
                                         "Minutes":  30,
                                         "Seconds":  0,
                                         "TotalDays":  0.020833333333333332,
                                         "TotalHours":  0.5,
                                         "TotalMilliseconds":  1800000,
                                         "TotalMinutes":  30,
                                         "TotalSeconds":  1800
                                     },
        "BaseReachableTime":  30000,
        "CompartmentId":  1,
        "CurrentHopLimit":  0,
        "DadRetransmitTime":  1000,
        "DadTransmits":  3,
        "InterfaceAlias":  "vEthernet (Default Switch)",
        "InterfaceIndex":  26,
        "InterfaceMetric":  5000,
        "IsolationId":  0,
        "LowestIfNetLuid":  1689399733518336,
        "NlMtu":  1500,
        "ReachableTime":  34500,
        "RetransmitTime":  1000,
        "PSComputerName":  null
    },
    {
        "Store":  1,
        "AddressFamily":  2,
        "Forwarding":  0,
        "ClampMss":  0,
        "Advertising":  0,
        "NeighborUnreachabilityDetection":  1,
        "RouterDiscovery":  2,
        "NeighborDiscoverySupported":  1,
        "ManagedAddressConfiguration":  1,
        "OtherStatefulConfiguration":  1,
        "WeakHostSend":  0,
        "WeakHostReceive":  0,
        "IgnoreDefaultRoutes":  0,
        "AdvertiseDefaultRoute":  0,
        "ForceArpNdWolPattern":  0,
        "DirectedMacWolPattern":  0,
        "EcnMarking":  3,
        "Dhcp":  1,
        "ConnectionState":  0,
        "AutomaticMetric":  1,
        "ifIndex":  12,
        "ifAlias":  "Local Area Connection* 2",
        "Caption":  null,
        "Description":  null,
        "ElementName":  null,
        "InstanceID":  null,
        "CommunicationStatus":  null,
        "DetailedStatus":  null,
        "HealthState":  null,
        "InstallDate":  null,
        "Name":  ";\u003c55\u003c55;",
        "OperatingStatus":  null,
        "OperationalStatus":  null,
        "PrimaryStatus":  null,
        "Status":  null,
        "StatusDescriptions":  null,
        "AvailableRequestedStates":  null,
        "EnabledDefault":  2,
        "EnabledState":  null,
        "OtherEnabledState":  null,
        "RequestedState":  12,
        "TimeOfLastStateChange":  null,
        "TransitioningToState":  12,
        "CreationClassName":  "",
        "SystemCreationClassName":  "",
        "SystemName":  "",
        "NameFormat":  null,
        "OtherTypeDescription":  null,
        "ProtocolIFType":  null,
        "ProtocolType":  null,
        "AliasAddresses":  null,
        "GroupAddresses":  null,
        "LANID":  null,
        "LANType":  null,
        "MACAddress":  null,
        "MaxDataSize":  null,
        "OtherLANType":  null,
        "AdvertisedRouterLifetime":  {
                                         "Ticks":  18000000000,
                                         "Days":  0,
                                         "Hours":  0,
                                         "Milliseconds":  0,
                                         "Minutes":  30,
                                         "Seconds":  0,
                                         "TotalDays":  0.020833333333333332,
                                         "TotalHours":  0.5,
                                         "TotalMilliseconds":  1800000,
                                         "TotalMinutes":  30,
                                         "TotalSeconds":  1800
                                     },
        "BaseReachableTime":  30000,
        "CompartmentId":  1,
        "CurrentHopLimit":  0,
        "DadRetransmitTime":  1000,
        "DadTransmits":  3,
        "InterfaceAlias":  "Local Area Connection* 2",
        "InterfaceIndex":  12,
        "InterfaceMetric":  25,
        "IsolationId":  0,
        "LowestIfNetLuid":  19985273135824896,
        "NlMtu":  1500,
        "ReachableTime":  23500,
        "RetransmitTime":  1000,
        "PSComputerName":  null
    },
    {
        "Store":  1,
        "AddressFamily":  2,
        "Forwarding":  0,
        "ClampMss":  0,
        "Advertising":  0,
        "NeighborUnreachabilityDetection":  1,
        "RouterDiscovery":  2,
        "NeighborDiscoverySupported":  1,
        "ManagedAddressConfiguration":  1,
        "OtherStatefulConfiguration":  1,
        "WeakHostSend":  0,
        "WeakHostReceive":  0,
        "IgnoreDefaultRoutes":  0,
        "AdvertiseDefaultRoute":  0,
        "ForceArpNdWolPattern":  0,
        "DirectedMacWolPattern":  0,
        "EcnMarking":  3,
        "Dhcp":  1,
        "ConnectionState":  0,
        "AutomaticMetric":  1,
        "ifIndex":  9,
        "ifAlias":  "Local Area Connection* 1",
        "Caption":  null,
        "Description":  null,
        "ElementName":  null,
        "InstanceID":  null,
        "CommunicationStatus":  null,
        "DetailedStatus":  null,
        "HealthState":  null,
        "InstallDate":  null,
        "Name":  "C55\u003c55;",
        "OperatingStatus":  null,
        "OperationalStatus":  null,
        "PrimaryStatus":  null,
        "Status":  null,
        "StatusDescriptions":  null,
        "AvailableRequestedStates":  null,
        "EnabledDefault":  2,
        "EnabledState":  null,
        "OtherEnabledState":  null,
        "RequestedState":  12,
        "TimeOfLastStateChange":  null,
        "TransitioningToState":  12,
        "CreationClassName":  "",
        "SystemCreationClassName":  "",
        "SystemName":  "",
        "NameFormat":  null,
        "OtherTypeDescription":  null,
        "ProtocolIFType":  null,
        "ProtocolType":  null,
        "AliasAddresses":  null,
        "GroupAddresses":  null,
        "LANID":  null,
        "LANType":  null,
        "MACAddress":  null,
        "MaxDataSize":  null,
        "OtherLANType":  null,
        "AdvertisedRouterLifetime":  {
                                         "Ticks":  18000000000,
                                         "Days":  0,
                                         "Hours":  0,
                                         "Milliseconds":  0,
                                         "Minutes":  30,
                                         "Seconds":  0,
                                         "TotalDays":  0.020833333333333332,
                                         "TotalHours":  0.5,
                                         "TotalMilliseconds":  1800000,
                                         "TotalMinutes":  30,
                                         "TotalSeconds":  1800
                                     },
        "BaseReachableTime":  30000,
        "CompartmentId":  1,
        "CurrentHopLimit":  0,
        "DadRetransmitTime":  1000,
        "DadTransmits":  3,
        "InterfaceAlias":  "Local Area Connection* 1",
        "InterfaceIndex":  9,
        "InterfaceMetric":  25,
        "IsolationId":  0,
        "LowestIfNetLuid":  19985273119047680,
        "NlMtu":  1500,
        "ReachableTime":  17000,
        "RetransmitTime":  1000,
        "PSComputerName":  null
    },
    {
        "Store":  1,
        "AddressFamily":  2,
        "Forwarding":  0,
        "ClampMss":  0,
        "Advertising":  0,
        "NeighborUnreachabilityDetection":  1,
        "RouterDiscovery":  2,
        "NeighborDiscoverySupported":  1,
        "ManagedAddressConfiguration":  1,
        "OtherStatefulConfiguration":  1,
        "WeakHostSend":  0,
        "WeakHostReceive":  0,
        "IgnoreDefaultRoutes":  0,
        "AdvertiseDefaultRoute":  0,
        "ForceArpNdWolPattern":  0,
        "DirectedMacWolPattern":  0,
        "EcnMarking":  3,
        "Dhcp":  1,
        "ConnectionState":  0,
        "AutomaticMetric":  1,
        "ifIndex":  19,
        "ifAlias":  "Ethernet",
        "Caption":  null,
        "Description":  null,
        "ElementName":  null,
        "InstanceID":  null,
        "CommunicationStatus":  null,
        "DetailedStatus":  null,
        "HealthState":  null,
        "InstallDate":  null,
        "Name":  ";C55\u003c55;",
        "OperatingStatus":  null,
        "OperationalStatus":  null,
        "PrimaryStatus":  null,
        "Status":  null,
        "StatusDescriptions":  null,
        "AvailableRequestedStates":  null,
        "EnabledDefault":  2,
        "EnabledState":  null,
        "OtherEnabledState":  null,
        "RequestedState":  12,
        "TimeOfLastStateChange":  null,
        "TransitioningToState":  12,
        "CreationClassName":  "",
        "SystemCreationClassName":  "",
        "SystemName":  "",
        "NameFormat":  null,
        "OtherTypeDescription":  null,
        "ProtocolIFType":  null,
        "ProtocolType":  null,
        "AliasAddresses":  null,
        "GroupAddresses":  null,
        "LANID":  null,
        "LANType":  null,
        "MACAddress":  null,
        "MaxDataSize":  null,
        "OtherLANType":  null,
        "AdvertisedRouterLifetime":  {
                                         "Ticks":  18000000000,
                                         "Days":  0,
                                         "Hours":  0,
                                         "Milliseconds":  0,
                                         "Minutes":  30,
                                         "Seconds":  0,
                                         "TotalDays":  0.020833333333333332,
                                         "TotalHours":  0.5,
                                         "TotalMilliseconds":  1800000,
                                         "TotalMinutes":  30,
                                         "TotalSeconds":  1800
                                     },
        "BaseReachableTime":  30000,
        "CompartmentId":  1,
        "CurrentHopLimit":  0,
        "DadRetransmitTime":  1000,
        "DadTransmits":  3,
        "InterfaceAlias":  "Ethernet",
        "InterfaceIndex":  19,
        "InterfaceMetric":  5,
        "IsolationId":  0,
        "LowestIfNetLuid":  1689399632855040,
        "NlMtu":  1500,
        "ReachableTime":  37500,
        "RetransmitTime":  1000,
        "PSComputerName":  null
    },
    {
        "Store":  1,
        "AddressFamily":  2,
        "Forwarding":  0,
        "ClampMss":  0,
        "Advertising":  0,
        "NeighborUnreachabilityDetection":  1,
        "RouterDiscovery":  2,
        "NeighborDiscoverySupported":  1,
        "ManagedAddressConfiguration":  1,
        "OtherStatefulConfiguration":  1,
        "WeakHostSend":  0,
        "WeakHostReceive":  0,
        "IgnoreDefaultRoutes":  0,
        "AdvertiseDefaultRoute":  0,
        "ForceArpNdWolPattern":  0,
        "DirectedMacWolPattern":  0,
        "EcnMarking":  3,
        "Dhcp":  1,
        "ConnectionState":  1,
        "AutomaticMetric":  1,
        "ifIndex":  16,
        "ifAlias":  "Wi-Fi",
        "Caption":  null,
        "Description":  null,
        "ElementName":  null,
        "InstanceID":  null,
        "CommunicationStatus":  null,
        "DetailedStatus":  null,
        "HealthState":  null,
        "InstallDate":  null,
        "Name":  ";@55\u003c55;",
        "OperatingStatus":  null,
        "OperationalStatus":  null,
        "PrimaryStatus":  null,
        "Status":  null,
        "StatusDescriptions":  null,
        "AvailableRequestedStates":  null,
        "EnabledDefault":  2,
        "EnabledState":  null,
        "OtherEnabledState":  null,
        "RequestedState":  12,
        "TimeOfLastStateChange":  null,
        "TransitioningToState":  12,
        "CreationClassName":  "",
        "SystemCreationClassName":  "",
        "SystemName":  "",
        "NameFormat":  null,
        "OtherTypeDescription":  null,
        "ProtocolIFType":  null,
        "ProtocolType":  null,
        "AliasAddresses":  null,
        "GroupAddresses":  null,
        "LANID":  null,
        "LANType":  null,
        "MACAddress":  null,
        "MaxDataSize":  null,
        "OtherLANType":  null,
        "AdvertisedRouterLifetime":  {
                                         "Ticks":  18000000000,
                                         "Days":  0,
                                         "Hours":  0,
                                         "Milliseconds":  0,
                                         "Minutes":  30,
                                         "Seconds":  0,
                                         "TotalDays":  0.020833333333333332,
                                         "TotalHours":  0.5,
                                         "TotalMilliseconds":  1800000,
                                         "TotalMinutes":  30,
                                         "TotalSeconds":  1800
                                     },
        "BaseReachableTime":  30000,
        "CompartmentId":  1,
        "CurrentHopLimit":  0,
        "DadRetransmitTime":  1000,
        "DadTransmits":  3,
        "InterfaceAlias":  "Wi-Fi",
        "InterfaceIndex":  16,
        "InterfaceMetric":  55,
        "IsolationId":  0,
        "LowestIfNetLuid":  19985273102270464,
        "NlMtu":  1500,
        "ReachableTime":  41000,
        "RetransmitTime":  1000,
        "PSComputerName":  null
    },
    {
        "Store":  1,
        "AddressFamily":  2,
        "Forwarding":  0,
        "ClampMss":  0,
        "Advertising":  0,
        "NeighborUnreachabilityDetection":  0,
        "RouterDiscovery":  2,
        "NeighborDiscoverySupported":  0,
        "ManagedAddressConfiguration":  1,
        "OtherStatefulConfiguration":  1,
        "WeakHostSend":  0,
        "WeakHostReceive":  0,
        "IgnoreDefaultRoutes":  0,
        "AdvertiseDefaultRoute":  0,
        "ForceArpNdWolPattern":  0,
        "DirectedMacWolPattern":  0,
        "EcnMarking":  3,
        "Dhcp":  0,
        "ConnectionState":  1,
        "AutomaticMetric":  1,
        "ifIndex":  1,
        "ifAlias":  "Loopback Pseudo-Interface 1",
        "Caption":  null,
        "Description":  null,
        "ElementName":  null,
        "InstanceID":  null,
        "CommunicationStatus":  null,
        "DetailedStatus":  null,
        "HealthState":  null,
        "InstallDate":  null,
        "Name":  ";55\u003c55;",
        "OperatingStatus":  null,
        "OperationalStatus":  null,
        "PrimaryStatus":  null,
        "Status":  null,
        "StatusDescriptions":  null,
        "AvailableRequestedStates":  null,
        "EnabledDefault":  2,
        "EnabledState":  null,
        "OtherEnabledState":  null,
        "RequestedState":  12,
        "TimeOfLastStateChange":  null,
        "TransitioningToState":  12,
        "CreationClassName":  "",
        "SystemCreationClassName":  "",
        "SystemName":  "",
        "NameFormat":  null,
        "OtherTypeDescription":  null,
        "ProtocolIFType":  null,
        "ProtocolType":  null,
        "AliasAddresses":  null,
        "GroupAddresses":  null,
        "LANID":  null,
        "LANType":  null,
        "MACAddress":  null,
        "MaxDataSize":  null,
        "OtherLANType":  null,
        "AdvertisedRouterLifetime":  {
                                         "Ticks":  18000000000,
                                         "Days":  0,
                                         "Hours":  0,
                                         "Milliseconds":  0,
                                         "Minutes":  30,
                                         "Seconds":  0,
                                         "TotalDays":  0.020833333333333332,
                                         "TotalHours":  0.5,
                                         "TotalMilliseconds":  1800000,
                                         "TotalMinutes":  30,
                                         "TotalSeconds":  1800
                                     },
        "BaseReachableTime":  30000,
        "CompartmentId":  1,
        "CurrentHopLimit":  0,
        "DadRetransmitTime":  1000,
        "DadTransmits":  0,
        "InterfaceAlias":  "Loopback Pseudo-Interface 1",
        "InterfaceIndex":  1,
        "InterfaceMetric":  75,
        "IsolationId":  0,
        "LowestIfNetLuid":  0,
        "NlMtu":  4294967295,
        "ReachableTime":  37500,
        "RetransmitTime":  1000,
        "PSComputerName":  null
    }
]
