[
    {
        "PrefixOrigin":  2,
        "SuffixOrigin":  4,
        "Type":  1,
        "Store":  1,
        "AddressFamily":  23,
        "AddressState":  4,
        "ifIndex":  26,
        "Caption":  null,
        "Description":  null,
        "ElementName":  null,
        "InstanceID":  null,
        "CommunicationStatus":  null,
        "DetailedStatus":  null,
        "HealthState":  null,
        "InstallDate":  null,
        "Name":  "poB:DDpCC@DA?=;D@;\u003ckDmp:\u003e/\u003c@55\u003c@55;55;",
        "OperatingStatus":  null,
        "OperationalStatus":  null,
        "PrimaryStatus":  null,
        "Status":  null,
        "StatusDescriptions":  null,
        "AvailableRequestedStates":  null,
        "EnabledDefault":  2,
        "EnabledState":  null,
        "OtherEnabledState":  null,
        "RequestedState":  12,
        "TimeOfLastStateChange":  null,
        "TransitioningToState":  12,
        "CreationClassName":  "",
        "SystemCreationClassName":  "",
        "SystemName":  "",
        "NameFormat":  null,
        "OtherTypeDescription":  null,
        "ProtocolIFType":  4096,
        "ProtocolType":  null,
        "Address":  null,
        "AddressOrigin":  0,
        "AddressType":  null,
        "IPv4Address":  null,
        "IPv6Address":  "fe80::f996:7531:612a:cf04%26",
        "IPVersionSupport":  null,
        "PrefixLength":  64,
        "SubnetMask":  null,
        "InterfaceAlias":  "vEthernet (Default Switch)",
        "InterfaceIndex":  26,
        "IPAddress":  "fe80::f996:7531:612a:cf04%26",
        "PreferredLifetime":  {
                                  "Ticks":  9223372036854775807,
                                  "Days":  10675199,
                                  "Hours":  2,
                                  "Milliseconds":  477,
                                  "Minutes":  48,
                                  "Seconds":  5,
                                  "TotalDays":  10675199.116730064,
                                  "TotalHours":  256204778.80152154,
                                  "TotalMilliseconds":  922337203685477,
                                  "TotalMinutes":  15372286728.091293,
                                  "TotalSeconds":  922337203685.47754
                              },
        "SkipAsSource":  false,
        "ValidLifetime":  {
                              "Ticks":  9223372036854775807,
                              "Days":  10675199,
                              "Hours":  2,
                              "Milliseconds":  477,
                              "Minutes":  48,
                              "Seconds":  5,
                              "TotalDays":  10675199.116730064,
                              "TotalHours":  256204778.80152154,
                              "TotalMilliseconds":  922337203685477,
                              "TotalMinutes":  15372286728.091293,
                              "TotalSeconds":  922337203685.47754
                          },
        "PSComputerName":  null
    },
    {
        "PrefixOrigin":  2,
        "SuffixOrigin":  4,
        "Type":  1,
        "Store":  1,
        "AddressFamily":  23,
        "AddressState":  3,
        "ifIndex":  12,
        "Caption":  null,
        "Description":  null,
        "ElementName":  null,
        "InstanceID":  null,
        "CommunicationStatus":  null,
        "DetailedStatus":  null,
        "HealthState":  null,
        "InstallDate":  null,
        "Name":  "poB:DDp;mkDlCoBDB\u003e?kD\u003e\u003ekB/;\u003c55;\u003c55;55;",
        "OperatingStatus":  null,
        "OperationalStatus":  null,
        "PrimaryStatus":  null,
        "Status":  null,
        "StatusDescriptions":  null,
        "AvailableRequestedStates":  null,
        "EnabledDefault":  2,
        "EnabledState":  null,
        "OtherEnabledState":  null,
        "RequestedState":  12,
        "TimeOfLastStateChange":  null,
        "TransitioningToState":  12,
        "CreationClassName":  "",
        "SystemCreationClassName":  "",
        "SystemName":  "",
        "NameFormat":  null,
        "OtherTypeDescription":  null,
        "ProtocolIFType":  4096,
        "ProtocolType":  null,
        "Address":  null,
        "AddressOrigin":  0,
        "AddressType":  null,
        "IPv4Address":  null,
        "IPv6Address":  "fe80::f1ca:b9e8:845a:44a8%12",
        "IPVersionSupport":  null,
        "PrefixLength":  64,
        "SubnetMask":  null,
        "InterfaceAlias":  "Local Area Connection* 2",
        "InterfaceIndex":  12,
        "IPAddress":  "fe80::f1ca:b9e8:845a:44a8%12",
        "PreferredLifetime":  {
                                  "Ticks":  9223372036854775807,
                                  "Days":  10675199,
                                  "Hours":  2,
                                  "Milliseconds":  477,
                                  "Minutes":  48,
                                  "Seconds":  5,
                                  "TotalDays":  10675199.116730064,
                                  "TotalHours":  256204778.80152154,
                                  "TotalMilliseconds":  922337203685477,
                                  "TotalMinutes":  15372286728.091293,
                                  "TotalSeconds":  922337203685.47754
                              },
        "SkipAsSource":  false,
        "ValidLifetime":  {
                              "Ticks":  9223372036854775807,
                              "Days":  10675199,
                              "Hours":  2,
                              "Milliseconds":  477,
                              "Minutes":  48,
                              "Seconds":  5,
                              "TotalDays":  10675199.116730064,
                              "TotalHours":  256204778.80152154,
                              "TotalMilliseconds":  922337203685477,
                              "TotalMinutes":  15372286728.091293,
                              "TotalSeconds":  922337203685.47754
                          },
        "PSComputerName":  null
    },
    {
        "PrefixOrigin":  2,
        "SuffixOrigin":  4,
        "Type":  1,
        "Store":  1,
        "AddressFamily":  23,
        "AddressState":  3,
        "ifIndex":  9,
        "Caption":  null,
        "Description":  null,
        "ElementName":  null,
        "InstanceID":  null,
        "CommunicationStatus":  null,
        "DetailedStatus":  null,
        "HealthState":  null,
        "InstallDate":  null,
        "Name":  "poB:DDo@l\u003cD=:\u003c=DC=;:DC@\u003ep/C55C55;55;",
        "OperatingStatus":  null,
        "OperationalStatus":  null,
        "PrimaryStatus":  null,
        "Status":  null,
        "StatusDescriptions":  null,
        "AvailableRequestedStates":  null,
        "EnabledDefault":  2,
        "EnabledState":  null,
        "OtherEnabledState":  null,
        "RequestedState":  12,
        "TimeOfLastStateChange":  null,
        "TransitioningToState":  12,
        "CreationClassName":  "",
        "SystemCreationClassName":  "",
        "SystemName":  "",
        "NameFormat":  null,
        "OtherTypeDescription":  null,
        "ProtocolIFType":  4096,
        "ProtocolType":  null,
        "Address":  null,
        "AddressOrigin":  0,
        "AddressType":  null,
        "IPv4Address":  null,
        "IPv6Address":  "fe80::e6b2:3023:9310:964f%9",
        "IPVersionSupport":  null,
        "PrefixLength":  64,
        "SubnetMask":  null,
        "InterfaceAlias":  "Local Area Connection* 1",
        "InterfaceIndex":  9,
        "IPAddress":  "fe80::e6b2:3023:9310:964f%9",
        "PreferredLifetime":  {
                                  "Ticks":  9223372036854775807,
                                  "Days":  10675199,
                                  "Hours":  2,
                                  "Milliseconds":  477,
                                  "Minutes":  48,
                                  "Seconds":  5,
                                  "TotalDays":  10675199.116730064,
                                  "TotalHours":  256204778.80152154,
                                  "TotalMilliseconds":  922337203685477,
                                  "TotalMinutes":  15372286728.091293,
                                  "TotalSeconds":  922337203685.47754
                              },
        "SkipAsSource":  false,
        "ValidLifetime":  {
                              "Ticks":  9223372036854775807,
                              "Days":  10675199,
                              "Hours":  2,
                              "Milliseconds":  477,
                              "Minutes":  48,
                              "Seconds":  5,
                              "TotalDays":  10675199.116730064,
                              "TotalHours":  256204778.80152154,
                              "TotalMilliseconds":  922337203685477,
                              "TotalMinutes":  15372286728.091293,
                              "TotalSeconds":  922337203685.47754
                          },
        "PSComputerName":  null
    },
    {
        "PrefixOrigin":  2,
        "SuffixOrigin":  4,
        "Type":  1,
        "Store":  1,
        "AddressFamily":  23,
        "AddressState":  3,
        "ifIndex":  19,
        "Caption":  null,
        "Description":  null,
        "ElementName":  null,
        "InstanceID":  null,
        "CommunicationStatus":  null,
        "DetailedStatus":  null,
        "HealthState":  null,
        "InstallDate":  null,
        "Name":  "poB:DD\u003coApD=kkADA\u003c\u003c:D\u003c\u003e:n/;C55;C55;55;",
        "OperatingStatus":  null,
        "OperationalStatus":  null,
        "PrimaryStatus":  null,
        "Status":  null,
        "StatusDescriptions":  null,
        "AvailableRequestedStates":  null,
        "EnabledDefault":  2,
        "EnabledState":  null,
        "OtherEnabledState":  null,
        "RequestedState":  12,
        "TimeOfLastStateChange":  null,
        "TransitioningToState":  12,
        "CreationClassName":  "",
        "SystemCreationClassName":  "",
        "SystemName":  "",
        "NameFormat":  null,
        "OtherTypeDescription":  null,
        "ProtocolIFType":  4096,
        "ProtocolType":  null,
        "Address":  null,
        "AddressOrigin":  0,
        "AddressType":  null,
        "IPv4Address":  null,
        "IPv6Address":  "fe80::2e7f:3aa7:7220:240d%19",
        "IPVersionSupport":  null,
        "PrefixLength":  64,
        "SubnetMask":  null,
        "InterfaceAlias":  "Ethernet",
        "InterfaceIndex":  19,
        "IPAddress":  "fe80::2e7f:3aa7:7220:240d%19",
        "PreferredLifetime":  {
                                  "Ticks":  9223372036854775807,
                                  "Days":  10675199,
                                  "Hours":  2,
                                  "Milliseconds":  477,
                                  "Minutes":  48,
                                  "Seconds":  5,
                                  "TotalDays":  10675199.116730064,
                                  "TotalHours":  256204778.80152154,
                                  "TotalMilliseconds":  922337203685477,
                                  "TotalMinutes":  15372286728.091293,
                                  "TotalSeconds":  922337203685.47754
                              },
        "SkipAsSource":  false,
        "ValidLifetime":  {
                              "Ticks":  9223372036854775807,
                              "Days":  10675199,
                              "Hours":  2,
                              "Milliseconds":  477,
                              "Minutes":  48,
                              "Seconds":  5,
                              "TotalDays":  10675199.116730064,
                              "TotalHours":  256204778.80152154,
                              "TotalMilliseconds":  922337203685477,
                              "TotalMinutes":  15372286728.091293,
                              "TotalSeconds":  922337203685.47754
                          },
        "PSComputerName":  null
    },
    {
        "PrefixOrigin":  2,
        "SuffixOrigin":  4,
        "Type":  1,
        "Store":  1,
        "AddressFamily":  23,
        "AddressState":  4,
        "ifIndex":  16,
        "Caption":  null,
        "Description":  null,
        "ElementName":  null,
        "InstanceID":  null,
        "CommunicationStatus":  null,
        "DetailedStatus":  null,
        "HealthState":  null,
        "InstallDate":  null,
        "Name":  "poB:DDmmlkDp:nCDC;o@Do;\u003c;/;@55;@55;55;",
        "OperatingStatus":  null,
        "OperationalStatus":  null,
        "PrimaryStatus":  null,
        "Status":  null,
        "StatusDescriptions":  null,
        "AvailableRequestedStates":  null,
        "EnabledDefault":  2,
        "EnabledState":  null,
        "OtherEnabledState":  null,
        "RequestedState":  12,
        "TimeOfLastStateChange":  null,
        "TransitioningToState":  12,
        "CreationClassName":  "",
        "SystemCreationClassName":  "",
        "SystemName":  "",
        "NameFormat":  null,
        "OtherTypeDescription":  null,
        "ProtocolIFType":  4096,
        "ProtocolType":  null,
        "Address":  null,
        "AddressOrigin":  0,
        "AddressType":  null,
        "IPv4Address":  null,
        "IPv6Address":  "fe80::ccba:f0d9:91e6:e121%16",
        "IPVersionSupport":  null,
        "PrefixLength":  64,
        "SubnetMask":  null,
        "InterfaceAlias":  "Wi-Fi",
        "InterfaceIndex":  16,
        "IPAddress":  "fe80::ccba:f0d9:91e6:e121%16",
        "PreferredLifetime":  {
                                  "Ticks":  9223372036854775807,
                                  "Days":  10675199,
                                  "Hours":  2,
                                  "Milliseconds":  477,
                                  "Minutes":  48,
                                  "Seconds":  5,
                                  "TotalDays":  10675199.116730064,
                                  "TotalHours":  256204778.80152154,
                                  "TotalMilliseconds":  922337203685477,
                                  "TotalMinutes":  15372286728.091293,
                                  "TotalSeconds":  922337203685.47754
                              },
        "SkipAsSource":  false,
        "ValidLifetime":  {
                              "Ticks":  9223372036854775807,
                              "Days":  10675199,
                              "Hours":  2,
                              "Milliseconds":  477,
                              "Minutes":  48,
                              "Seconds":  5,
                              "TotalDays":  10675199.116730064,
                              "TotalHours":  256204778.80152154,
                              "TotalMilliseconds":  922337203685477,
                              "TotalMinutes":  15372286728.091293,
                              "TotalSeconds":  922337203685.47754
                          },
        "PSComputerName":  null
    },
    {
        "PrefixOrigin":  4,
        "SuffixOrigin":  4,
        "Type":  1,
        "Store":  1,
        "AddressFamily":  23,
        "AddressState":  4,
        "ifIndex":  16,
        "Caption":  null,
        "Description":  null,
        "ElementName":  null,
        "InstanceID":  null,
        "CommunicationStatus":  null,
        "DetailedStatus":  null,
        "HealthState":  null,
        "InstallDate":  null,
        "Name":  "\u003c\u003e:;D\u003eC::DBp?\u003eDk\u003c\u003cAD@l\u003cD?\u003cBoD\u003eklDB@==55;@55;55;",
        "OperatingStatus":  null,
        "OperationalStatus":  null,
        "PrimaryStatus":  null,
        "Status":  null,
        "StatusDescriptions":  null,
        "AvailableRequestedStates":  null,
        "EnabledDefault":  2,
        "EnabledState":  null,
        "OtherEnabledState":  null,
        "RequestedState":  12,
        "TimeOfLastStateChange":  null,
        "TransitioningToState":  12,
        "CreationClassName":  "",
        "SystemCreationClassName":  "",
        "SystemName":  "",
        "NameFormat":  null,
        "OtherTypeDescription":  null,
        "ProtocolIFType":  4096,
        "ProtocolType":  null,
        "Address":  null,
        "AddressOrigin":  0,
        "AddressType":  null,
        "IPv4Address":  null,
        "IPv6Address":  "2401:4900:8f54:a227:6b2:528e:4ab:8633",
        "IPVersionSupport":  null,
        "PrefixLength":  64,
        "SubnetMask":  null,
        "InterfaceAlias":  "Wi-Fi",
        "InterfaceIndex":  16,
        "IPAddress":  "2401:4900:8f54:a227:6b2:528e:4ab:8633",
        "PreferredLifetime":  {
                                  "Ticks":  863620000000,
                                  "Days":  0,
                                  "Hours":  23,
                                  "Milliseconds":  0,
                                  "Minutes":  59,
                                  "Seconds":  22,
                                  "TotalDays":  0.99956018518518519,
                                  "TotalHours":  23.989444444444445,
                                  "TotalMilliseconds":  86362000,
                                  "TotalMinutes":  1439.3666666666668,
                                  "TotalSeconds":  86362
                              },
        "SkipAsSource":  false,
        "ValidLifetime":  {
                              "Ticks":  863620000000,
                              "Days":  0,
                              "Hours":  23,
                              "Milliseconds":  0,
                              "Minutes":  59,
                              "Seconds":  22,
                              "TotalDays":  0.99956018518518519,
                              "TotalHours":  23.989444444444445,
                              "TotalMilliseconds":  86362000,
                              "TotalMinutes":  1439.3666666666668,
                              "TotalSeconds":  86362
                          },
        "PSComputerName":  null
    },
    {
        "PrefixOrigin":  4,
        "SuffixOrigin":  5,
        "Type":  1,
        "Store":  1,
        "AddressFamily":  23,
        "AddressState":  4,
        "ifIndex":  16,
        "Caption":  null,
        "Description":  null,
        "ElementName":  null,
        "InstanceID":  null,
        "CommunicationStatus":  null,
        "DetailedStatus":  null,
        "HealthState":  null,
        "InstallDate":  null,
        "Name":  "\u003c\u003e:;D\u003eC::DBp?\u003eDk\u003c\u003cAD??@DlBkAD\u003e\u003cooDnop:55;@55;55;",
        "OperatingStatus":  null,
        "OperationalStatus":  null,
        "PrimaryStatus":  null,
        "Status":  null,
        "StatusDescriptions":  null,
        "AvailableRequestedStates":  null,
        "EnabledDefault":  2,
        "EnabledState":  null,
        "OtherEnabledState":  null,
        "RequestedState":  12,
        "TimeOfLastStateChange":  null,
        "TransitioningToState":  12,
        "CreationClassName":  "",
        "SystemCreationClassName":  "",
        "SystemName":  "",
        "NameFormat":  null,
        "OtherTypeDescription":  null,
        "ProtocolIFType":  4096,
        "ProtocolType":  null,
        "Address":  null,
        "AddressOrigin":  0,
        "AddressType":  null,
        "IPv4Address":  null,
        "IPv6Address":  "2401:4900:8f54:a227:556:b8a7:42ee:def0",
        "IPVersionSupport":  null,
        "PrefixLength":  128,
        "SubnetMask":  null,
        "InterfaceAlias":  "Wi-Fi",
        "InterfaceIndex":  16,
        "IPAddress":  "2401:4900:8f54:a227:556:b8a7:42ee:def0",
        "PreferredLifetime":  {
                                  "Ticks":  734590000000,
                                  "Days":  0,
                                  "Hours":  20,
                                  "Milliseconds":  0,
                                  "Minutes":  24,
                                  "Seconds":  19,
                                  "TotalDays":  0.85021990740740738,
                                  "TotalHours":  20.405277777777776,
                                  "TotalMilliseconds":  73459000,
                                  "TotalMinutes":  1224.3166666666666,
                                  "TotalSeconds":  73459
                              },
        "SkipAsSource":  false,
        "ValidLifetime":  {
                              "Ticks":  863620000000,
                              "Days":  0,
                              "Hours":  23,
                              "Milliseconds":  0,
                              "Minutes":  59,
                              "Seconds":  22,
                              "TotalDays":  0.99956018518518519,
                              "TotalHours":  23.989444444444445,
                              "TotalMilliseconds":  86362000,
                              "TotalMinutes":  1439.3666666666668,
                              "TotalSeconds":  86362
                          },
        "PSComputerName":  null
    },
    {
        "PrefixOrigin":  2,
        "SuffixOrigin":  2,
        "Type":  1,
        "Store":  1,
        "AddressFamily":  23,
        "AddressState":  4,
        "ifIndex":  1,
        "Caption":  null,
        "Description":  null,
        "ElementName":  null,
        "InstanceID":  null,
        "CommunicationStatus":  null,
        "DetailedStatus":  null,
        "HealthState":  null,
        "InstallDate":  null,
        "Name":  "DD;55;55;55;",
        "OperatingStatus":  null,
        "OperationalStatus":  null,
        "PrimaryStatus":  null,
        "Status":  null,
        "StatusDescriptions":  null,
        "AvailableRequestedStates":  null,
        "EnabledDefault":  2,
        "EnabledState":  null,
        "OtherEnabledState":  null,
        "RequestedState":  12,
        "TimeOfLastStateChange":  null,
        "TransitioningToState":  12,
        "CreationClassName":  "",
        "SystemCreationClassName":  "",
        "SystemName":  "",
        "NameFormat":  null,
        "OtherTypeDescription":  null,
        "ProtocolIFType":  4096,
        "ProtocolType":  null,
        "Address":  null,
        "AddressOrigin":  0,
        "AddressType":  null,
        "IPv4Address":  null,
        "IPv6Address":  "::1",
        "IPVersionSupport":  null,
        "PrefixLength":  128,
        "SubnetMask":  null,
        "InterfaceAlias":  "Loopback Pseudo-Interface 1",
        "InterfaceIndex":  1,
        "IPAddress":  "::1",
        "PreferredLifetime":  {
                                  "Ticks":  9223372036854775807,
                                  "Days":  10675199,
                                  "Hours":  2,
                                  "Milliseconds":  477,
                                  "Minutes":  48,
                                  "Seconds":  5,
                                  "TotalDays":  10675199.116730064,
                                  "TotalHours":  256204778.80152154,
                                  "TotalMilliseconds":  922337203685477,
                                  "TotalMinutes":  15372286728.091293,
                                  "TotalSeconds":  922337203685.47754
                              },
        "SkipAsSource":  false,
        "ValidLifetime":  {
                              "Ticks":  9223372036854775807,
                              "Days":  10675199,
                              "Hours":  2,
                              "Milliseconds":  477,
                              "Minutes":  48,
                              "Seconds":  5,
                              "TotalDays":  10675199.116730064,
                              "TotalHours":  256204778.80152154,
                              "TotalMilliseconds":  922337203685477,
                              "TotalMinutes":  15372286728.091293,
                              "TotalSeconds":  922337203685.47754
                          },
        "PSComputerName":  null
    },
    {
        "PrefixOrigin":  1,
        "SuffixOrigin":  1,
        "Type":  1,
        "Store":  1,
        "AddressFamily":  2,
        "AddressState":  4,
        "ifIndex":  26,
        "Caption":  null,
        "Description":  null,
        "ElementName":  null,
        "InstanceID":  null,
        "CommunicationStatus":  null,
        "DetailedStatus":  null,
        "HealthState":  null,
        "InstallDate":  null,
        "Name":  ";A\u003c8=;8=\u003c8;55\u003c@55;55;",
        "OperatingStatus":  null,
        "OperationalStatus":  null,
        "PrimaryStatus":  null,
        "Status":  null,
        "StatusDescriptions":  null,
        "AvailableRequestedStates":  null,
        "EnabledDefault":  2,
        "EnabledState":  null,
        "OtherEnabledState":  null,
        "RequestedState":  12,
        "TimeOfLastStateChange":  null,
        "TransitioningToState":  12,
        "CreationClassName":  "",
        "SystemCreationClassName":  "",
        "SystemName":  "",
        "NameFormat":  null,
        "OtherTypeDescription":  null,
        "ProtocolIFType":  4096,
        "ProtocolType":  null,
        "Address":  null,
        "AddressOrigin":  0,
        "AddressType":  null,
        "IPv4Address":  "172.31.32.1",
        "IPv6Address":  null,
        "IPVersionSupport":  null,
        "PrefixLength":  20,
        "SubnetMask":  null,
        "InterfaceAlias":  "vEthernet (Default Switch)",
        "InterfaceIndex":  26,
        "IPAddress":  "172.31.32.1",
        "PreferredLifetime":  {
                                  "Ticks":  9223372036854775807,
                                  "Days":  10675199,
                                  "Hours":  2,
                                  "Milliseconds":  477,
                                  "Minutes":  48,
                                  "Seconds":  5,
                                  "TotalDays":  10675199.116730064,
                                  "TotalHours":  256204778.80152154,
                                  "TotalMilliseconds":  922337203685477,
                                  "TotalMinutes":  15372286728.091293,
                                  "TotalSeconds":  922337203685.47754
                              },
        "SkipAsSource":  false,
        "ValidLifetime":  {
                              "Ticks":  9223372036854775807,
                              "Days":  10675199,
                              "Hours":  2,
                              "Milliseconds":  477,
                              "Minutes":  48,
                              "Seconds":  5,
                              "TotalDays":  10675199.116730064,
                              "TotalHours":  256204778.80152154,
                              "TotalMilliseconds":  922337203685477,
                              "TotalMinutes":  15372286728.091293,
                              "TotalSeconds":  922337203685.47754
                          },
        "PSComputerName":  null
    },
    {
        "PrefixOrigin":  2,
        "SuffixOrigin":  4,
        "Type":  1,
        "Store":  1,
        "AddressFamily":  2,
        "AddressState":  1,
        "ifIndex":  12,
        "Caption":  null,
        "Description":  null,
        "ElementName":  null,
        "InstanceID":  null,
        "CommunicationStatus":  null,
        "DetailedStatus":  null,
        "HealthState":  null,
        "InstallDate":  null,
        "Name":  ";@C8\u003c?\u003e8;;C8;?B55;\u003c55;55;",
        "OperatingStatus":  null,
        "OperationalStatus":  null,
        "PrimaryStatus":  null,
        "Status":  null,
        "StatusDescriptions":  null,
        "AvailableRequestedStates":  null,
        "EnabledDefault":  2,
        "EnabledState":  null,
        "OtherEnabledState":  null,
        "RequestedState":  12,
        "TimeOfLastStateChange":  null,
        "TransitioningToState":  12,
        "CreationClassName":  "",
        "SystemCreationClassName":  "",
        "SystemName":  "",
        "NameFormat":  null,
        "OtherTypeDescription":  null,
        "ProtocolIFType":  4096,
        "ProtocolType":  null,
        "Address":  null,
        "AddressOrigin":  0,
        "AddressType":  null,
        "IPv4Address":  "169.254.119.158",
        "IPv6Address":  null,
        "IPVersionSupport":  null,
        "PrefixLength":  16,
        "SubnetMask":  null,
        "InterfaceAlias":  "Local Area Connection* 2",
        "InterfaceIndex":  12,
        "IPAddress":  "169.254.119.158",
        "PreferredLifetime":  {
                                  "Ticks":  9223372036854775807,
                                  "Days":  10675199,
                                  "Hours":  2,
                                  "Milliseconds":  477,
                                  "Minutes":  48,
                                  "Seconds":  5,
                                  "TotalDays":  10675199.116730064,
                                  "TotalHours":  256204778.80152154,
                                  "TotalMilliseconds":  922337203685477,
                                  "TotalMinutes":  15372286728.091293,
                                  "TotalSeconds":  922337203685.47754
                              },
        "SkipAsSource":  false,
        "ValidLifetime":  {
                              "Ticks":  9223372036854775807,
                              "Days":  10675199,
                              "Hours":  2,
                              "Milliseconds":  477,
                              "Minutes":  48,
                              "Seconds":  5,
                              "TotalDays":  10675199.116730064,
                              "TotalHours":  256204778.80152154,
                              "TotalMilliseconds":  922337203685477,
                              "TotalMinutes":  15372286728.091293,
                              "TotalSeconds":  922337203685.47754
                          },
        "PSComputerName":  null
    },
    {
        "PrefixOrigin":  2,
        "SuffixOrigin":  4,
        "Type":  1,
        "Store":  1,
        "AddressFamily":  2,
        "AddressState":  1,
        "ifIndex":  9,
        "Caption":  null,
        "Description":  null,
        "ElementName":  null,
        "InstanceID":  null,
        "CommunicationStatus":  null,
        "DetailedStatus":  null,
        "HealthState":  null,
        "InstallDate":  null,
        "Name":  ";@C8\u003c?\u003e8;CB8A@55C55;55;",
        "OperatingStatus":  null,
        "OperationalStatus":  null,
        "PrimaryStatus":  null,
        "Status":  null,
        "StatusDescriptions":  null,
        "AvailableRequestedStates":  null,
        "EnabledDefault":  2,
        "EnabledState":  null,
        "OtherEnabledState":  null,
        "RequestedState":  12,
        "TimeOfLastStateChange":  null,
        "TransitioningToState":  12,
        "CreationClassName":  "",
        "SystemCreationClassName":  "",
        "SystemName":  "",
        "NameFormat":  null,
        "OtherTypeDescription":  null,
        "ProtocolIFType":  4096,
        "ProtocolType":  null,
        "Address":  null,
        "AddressOrigin":  0,
        "AddressType":  null,
        "IPv4Address":  "169.254.198.76",
        "IPv6Address":  null,
        "IPVersionSupport":  null,
        "PrefixLength":  16,
        "SubnetMask":  null,
        "InterfaceAlias":  "Local Area Connection* 1",
        "InterfaceIndex":  9,
        "IPAddress":  "169.254.198.76",
        "PreferredLifetime":  {
                                  "Ticks":  9223372036854775807,
                                  "Days":  10675199,
                                  "Hours":  2,
                                  "Milliseconds":  477,
                                  "Minutes":  48,
                                  "Seconds":  5,
                                  "TotalDays":  10675199.116730064,
                                  "TotalHours":  256204778.80152154,
                                  "TotalMilliseconds":  922337203685477,
                                  "TotalMinutes":  15372286728.091293,
                                  "TotalSeconds":  922337203685.47754
                              },
        "SkipAsSource":  false,
        "ValidLifetime":  {
                              "Ticks":  9223372036854775807,
                              "Days":  10675199,
                              "Hours":  2,
                              "Milliseconds":  477,
                              "Minutes":  48,
                              "Seconds":  5,
                              "TotalDays":  10675199.116730064,
                              "TotalHours":  256204778.80152154,
                              "TotalMilliseconds":  922337203685477,
                              "TotalMinutes":  15372286728.091293,
                              "TotalSeconds":  922337203685.47754
                          },
        "PSComputerName":  null
    },
    {
        "PrefixOrigin":  2,
        "SuffixOrigin":  4,
        "Type":  1,
        "Store":  1,
        "AddressFamily":  2,
        "AddressState":  1,
        "ifIndex":  19,
        "Caption":  null,
        "Description":  null,
        "ElementName":  null,
        "InstanceID":  null,
        "CommunicationStatus":  null,
        "DetailedStatus":  null,
        "HealthState":  null,
        "InstallDate":  null,
        "Name":  ";@C8\u003c?\u003e8;=?8BB55;C55;55;",
        "OperatingStatus":  null,
        "OperationalStatus":  null,
        "PrimaryStatus":  null,
        "Status":  null,
        "StatusDescriptions":  null,
        "AvailableRequestedStates":  null,
        "EnabledDefault":  2,
        "EnabledState":  null,
        "OtherEnabledState":  null,
        "RequestedState":  12,
        "TimeOfLastStateChange":  null,
        "TransitioningToState":  12,
        "CreationClassName":  "",
        "SystemCreationClassName":  "",
        "SystemName":  "",
        "NameFormat":  null,
        "OtherTypeDescription":  null,
        "ProtocolIFType":  4096,
        "ProtocolType":  null,
        "Address":  null,
        "AddressOrigin":  0,
        "AddressType":  null,
        "IPv4Address":  "169.254.135.88",
        "IPv6Address":  null,
        "IPVersionSupport":  null,
        "PrefixLength":  16,
        "SubnetMask":  null,
        "InterfaceAlias":  "Ethernet",
        "InterfaceIndex":  19,
        "IPAddress":  "169.254.135.88",
        "PreferredLifetime":  {
                                  "Ticks":  9223372036854775807,
                                  "Days":  10675199,
                                  "Hours":  2,
                                  "Milliseconds":  477,
                                  "Minutes":  48,
                                  "Seconds":  5,
                                  "TotalDays":  10675199.116730064,
                                  "TotalHours":  256204778.80152154,
                                  "TotalMilliseconds":  922337203685477,
                                  "TotalMinutes":  15372286728.091293,
                                  "TotalSeconds":  922337203685.47754
                              },
        "SkipAsSource":  false,
        "ValidLifetime":  {
                              "Ticks":  9223372036854775807,
                              "Days":  10675199,
                              "Hours":  2,
                              "Milliseconds":  477,
                              "Minutes":  48,
                              "Seconds":  5,
                              "TotalDays":  10675199.116730064,
                              "TotalHours":  256204778.80152154,
                              "TotalMilliseconds":  922337203685477,
                              "TotalMinutes":  15372286728.091293,
                              "TotalSeconds":  922337203685.47754
                          },
        "PSComputerName":  null
    },
    {
        "PrefixOrigin":  3,
        "SuffixOrigin":  3,
        "Type":  1,
        "Store":  1,
        "AddressFamily":  2,
        "AddressState":  4,
        "ifIndex":  16,
        "Caption":  null,
        "Description":  null,
        "ElementName":  null,
        "InstanceID":  null,
        "CommunicationStatus":  null,
        "DetailedStatus":  null,
        "HealthState":  null,
        "InstallDate":  null,
        "Name":  ";C\u003c8;@B8;8B55;@55;55;",
        "OperatingStatus":  null,
        "OperationalStatus":  null,
        "PrimaryStatus":  null,
        "Status":  null,
        "StatusDescriptions":  null,
        "AvailableRequestedStates":  null,
        "EnabledDefault":  2,
        "EnabledState":  null,
        "OtherEnabledState":  null,
        "RequestedState":  12,
        "TimeOfLastStateChange":  null,
        "TransitioningToState":  12,
        "CreationClassName":  "",
        "SystemCreationClassName":  "",
        "SystemName":  "",
        "NameFormat":  null,
        "OtherTypeDescription":  null,
        "ProtocolIFType":  4096,
        "ProtocolType":  null,
        "Address":  null,
        "AddressOrigin":  0,
        "AddressType":  null,
        "IPv4Address":  "192.168.1.8",
        "IPv6Address":  null,
        "IPVersionSupport":  null,
        "PrefixLength":  24,
        "SubnetMask":  null,
        "InterfaceAlias":  "Wi-Fi",
        "InterfaceIndex":  16,
        "IPAddress":  "192.168.1.8",
        "PreferredLifetime":  {
                                  "Ticks":  816450000000,
                                  "Days":  0,
                                  "Hours":  22,
                                  "Milliseconds":  0,
                                  "Minutes":  40,
                                  "Seconds":  45,
                                  "TotalDays":  0.94496527777777772,
                                  "TotalHours":  22.679166666666667,
                                  "TotalMilliseconds":  81645000,
                                  "TotalMinutes":  1360.75,
                                  "TotalSeconds":  81645
                              },
        "SkipAsSource":  false,
        "ValidLifetime":  {
                              "Ticks":  816450000000,
                              "Days":  0,
                              "Hours":  22,
                              "Milliseconds":  0,
                              "Minutes":  40,
                              "Seconds":  45,
                              "TotalDays":  0.94496527777777772,
                              "TotalHours":  22.679166666666667,
                              "TotalMilliseconds":  81645000,
                              "TotalMinutes":  1360.75,
                              "TotalSeconds":  81645
                          },
        "PSComputerName":  null
    },
    {
        "PrefixOrigin":  2,
        "SuffixOrigin":  2,
        "Type":  1,
        "Store":  1,
        "AddressFamily":  2,
        "AddressState":  4,
        "ifIndex":  1,
        "Caption":  null,
        "Description":  null,
        "ElementName":  null,
        "InstanceID":  null,
        "CommunicationStatus":  null,
        "DetailedStatus":  null,
        "HealthState":  null,
        "InstallDate":  null,
        "Name":  ";\u003cA8:8:8;55;55;55;",
        "OperatingStatus":  null,
        "OperationalStatus":  null,
        "PrimaryStatus":  null,
        "Status":  null,
        "StatusDescriptions":  null,
        "AvailableRequestedStates":  null,
        "EnabledDefault":  2,
        "EnabledState":  null,
        "OtherEnabledState":  null,
        "RequestedState":  12,
        "TimeOfLastStateChange":  null,
        "TransitioningToState":  12,
        "CreationClassName":  "",
        "SystemCreationClassName":  "",
        "SystemName":  "",
        "NameFormat":  null,
        "OtherTypeDescription":  null,
        "ProtocolIFType":  4096,
        "ProtocolType":  null,
        "Address":  null,
        "AddressOrigin":  0,
        "AddressType":  null,
        "IPv4Address":  "127.0.0.1",
        "IPv6Address":  null,
        "IPVersionSupport":  null,
        "PrefixLength":  8,
        "SubnetMask":  null,
        "InterfaceAlias":  "Loopback Pseudo-Interface 1",
        "InterfaceIndex":  1,
        "IPAddress":  "127.0.0.1",
        "PreferredLifetime":  {
                                  "Ticks":  9223372036854775807,
                                  "Days":  10675199,
                                  "Hours":  2,
                                  "Milliseconds":  477,
                                  "Minutes":  48,
                                  "Seconds":  5,
                                  "TotalDays":  10675199.116730064,
                                  "TotalHours":  256204778.80152154,
                                  "TotalMilliseconds":  922337203685477,
                                  "TotalMinutes":  15372286728.091293,
                                  "TotalSeconds":  922337203685.47754
                              },
        "SkipAsSource":  false,
        "ValidLifetime":  {
                              "Ticks":  9223372036854775807,
                              "Days":  10675199,
                              "Hours":  2,
                              "Milliseconds":  477,
                              "Minutes":  48,
                              "Seconds":  5,
                              "TotalDays":  10675199.116730064,
                              "TotalHours":  256204778.80152154,
                              "TotalMilliseconds":  922337203685477,
                              "TotalMinutes":  15372286728.091293,
                              "TotalSeconds":  922337203685.47754
                          },
        "PSComputerName":  null
    }
]
