[
    {
        "StartTime":  null,
        "Handles":  131,
        "Name":  "AggregatorHost",
        "NPM":  8152,
        "PM":  2449408,
        "SI":  0,
        "VM":  2203391578112,
        "WS":  7360512
    },
    {
        "StartTime":  "\/Date(1766634690583)\/",
        "Handles":  227,
        "Name":  "audiodg",
        "NPM":  12232,
        "PM":  10641408,
        "SI":  0,
        "VM":  2203438292992,
        "WS":  17780736
    },
    {
        "StartTime":  "\/Date(1766634354019)\/",
        "Handles":  296,
        "Name":  "cagent",
        "NPM":  14760,
        "PM":  24895488,
        "SI":  1,
        "VM":  5748645888,
        "WS":  34959360
    },
    {
        "StartTime":  "\/Date(1766623056390)\/",
        "Handles":  305,
        "Name":  "chrome",
        "NPM":  18216,
        "PM":  13090816,
        "SI":  1,
        "VM":  2358429573120,
        "WS":  20615168
    },
    {
        "StartTime":  "\/Date(1766622777325)\/",
        "Handles":  288,
        "Name":  "chrome",
        "NPM":  21888,
        "PM":  35287040,
        "SI":  1,
        "VM":  3814041141248,
        "WS":  28737536
    },
    {
        "StartTime":  "\/Date(1766622771178)\/",
        "Handles":  252,
        "Name":  "chrome",
        "NPM":  10464,
        "PM":  7053312,
        "SI":  1,
        "VM":  2306576441344,
        "WS":  2654208
    },
    {
        "StartTime":  "\/Date(1766630036162)\/",
        "Handles":  291,
        "Name":  "chrome",
        "NPM":  25336,
        "PM":  25370624,
        "SI":  1,
        "VM":  3815791661056,
        "WS":  39841792
    },
    {
        "StartTime":  "\/Date(1766624378923)\/",
        "Handles":  840,
        "Name":  "chrome",
        "NPM":  79736,
        "PM":  424067072,
        "SI":  1,
        "VM":  3814082150400,
        "WS":  143376384
    },
    {
        "StartTime":  "\/Date(1766622770993)\/",
        "Handles":  1932,
        "Name":  "chrome",
        "NPM":  78640,
        "PM":  119136256,
        "SI":  1,
        "VM":  2410521452544,
        "WS":  173244416
    },
    {
        "StartTime":  "\/Date(1766623372601)\/",
        "Handles":  491,
        "Name":  "chrome",
        "NPM":  44776,
        "PM":  502390784,
        "SI":  1,
        "VM":  3815864508416,
        "WS":  96190464
    },
    {
        "StartTime":  "\/Date(1766630031021)\/",
        "Handles":  453,
        "Name":  "chrome",
        "NPM":  53744,
        "PM":  288165888,
        "SI":  1,
        "VM":  3815848808448,
        "WS":  163540992
    },
    {
        "StartTime":  "\/Date(1766622772570)\/",
        "Handles":  434,
        "Name":  "chrome",
        "NPM":  40608,
        "PM":  27185152,
        "SI":  1,
        "VM":  2358573449216,
        "WS":  49467392
    },
    {
        "StartTime":  "\/Date(1766622772589)\/",
        "Handles":  231,
        "Name":  "chrome",
        "NPM":  15224,
        "PM":  10588160,
        "SI":  1,
        "VM":  2358410747904,
        "WS":  7622656
    },
    {
        "StartTime":  "\/Date(1766622772569)\/",
        "Handles":  447,
        "Name":  "chrome",
        "NPM":  31264,
        "PM":  29011968,
        "SI":  1,
        "VM":  2358506008576,
        "WS":  39129088
    },
    {
        "StartTime":  "\/Date(1766633583786)\/",
        "Handles":  282,
        "Name":  "chrome",
        "NPM":  21824,
        "PM":  29089792,
        "SI":  1,
        "VM":  3814047879168,
        "WS":  57716736
    },
    {
        "StartTime":  "\/Date(1766632710630)\/",
        "Handles":  420,
        "Name":  "chrome",
        "NPM":  34928,
        "PM":  137187328,
        "SI":  1,
        "VM":  3815821336576,
        "WS":  97107968
    },
    {
        "StartTime":  "\/Date(1766623349033)\/",
        "Handles":  444,
        "Name":  "chrome",
        "NPM":  21608,
        "PM":  15822848,
        "SI":  1,
        "VM":  2358458114048,
        "WS":  23150592
    },
    {
        "StartTime":  "\/Date(1766632712211)\/",
        "Handles":  556,
        "Name":  "chrome",
        "NPM":  24744,
        "PM":  61890560,
        "SI":  1,
        "VM":  3814063063040,
        "WS":  98152448
    },
    {
        "StartTime":  "\/Date(1766633693538)\/",
        "Handles":  228,
        "Name":  "chrome",
        "NPM":  18760,
        "PM":  13488128,
        "SI":  1,
        "VM":  3814016675840,
        "WS":  26853376
    },
    {
        "StartTime":  "\/Date(1766634688882)\/",
        "Handles":  292,
        "Name":  "Code",
        "NPM":  16360,
        "PM":  12136448,
        "SI":  1,
        "VM":  2238074732544,
        "WS":  111783936
    },
    {
        "StartTime":  "\/Date(1766631644908)\/",
        "Handles":  207,
        "Name":  "Code",
        "NPM":  19504,
        "PM":  62115840,
        "SI":  1,
        "VM":  3693667135488,
        "WS":  112087040
    },
    {
        "StartTime":  "\/Date(1766632420765)\/",
        "Handles":  371,
        "Name":  "Code",
        "NPM":  24464,
        "PM":  44666880,
        "SI":  1,
        "VM":  3710924742656,
        "WS":  110915584
    },
    {
        "StartTime":  "\/Date(1766629737690)\/",
        "Handles":  318,
        "Name":  "Code",
        "NPM":  24480,
        "PM":  87388160,
        "SI":  1,
        "VM":  3693799124992,
        "WS":  95289344
    },
    {
        "StartTime":  "\/Date(1766630012689)\/",
        "Handles":  679,
        "Name":  "Code",
        "NPM":  133600,
        "PM":  795324416,
        "SI":  1,
        "VM":  3700855476224,
        "WS":  525393920
    },
    {
        "StartTime":  "\/Date(1766629913758)\/",
        "Handles":  924,
        "Name":  "Code",
        "NPM":  40392,
        "PM":  86040576,
        "SI":  1,
        "VM":  3695857057792,
        "WS":  116654080
    },
    {
        "StartTime":  "\/Date(1766630822094)\/",
        "Handles":  227,
        "Name":  "Code",
        "NPM":  49208,
        "PM":  483344384,
        "SI":  1,
        "VM":  3700714352640,
        "WS":  464433152
    },
    {
        "StartTime":  "\/Date(1766632398581)\/",
        "Handles":  366,
        "Name":  "Code",
        "NPM":  24528,
        "PM":  52842496,
        "SI":  1,
        "VM":  3693733126144,
        "WS":  107839488
    },
    {
        "StartTime":  "\/Date(1766629922341)\/",
        "Handles":  184,
        "Name":  "Code",
        "NPM":  11464,
        "PM":  10874880,
        "SI":  1,
        "VM":  2238059159552,
        "WS":  92880896
    },
    {
        "StartTime":  "\/Date(1766629924025)\/",
        "Handles":  506,
        "Name":  "Code",
        "NPM":  21432,
        "PM":  27209728,
        "SI":  1,
        "VM":  2238287437824,
        "WS":  106786816
    },
    {
        "StartTime":  "\/Date(1766632364905)\/",
        "Handles":  201,
        "Name":  "Code",
        "NPM":  18688,
        "PM":  30879744,
        "SI":  1,
        "VM":  3693659795456,
        "WS":  99831808
    },
    {
        "StartTime":  "\/Date(1766631480450)\/",
        "Handles":  196,
        "Name":  "Code",
        "NPM":  19576,
        "PM":  59707392,
        "SI":  1,
        "VM":  3693658746880,
        "WS":  112066560
    },
    {
        "StartTime":  "\/Date(1766629913625)\/",
        "Handles":  877,
        "Name":  "Code",
        "NPM":  40256,
        "PM":  91561984,
        "SI":  1,
        "VM":  3695857037312,
        "WS":  117075968
    },
    {
        "StartTime":  "\/Date(1766631641736)\/",
        "Handles":  202,
        "Name":  "Code",
        "NPM":  20048,
        "PM":  73285632,
        "SI":  1,
        "VM":  3693667135488,
        "WS":  128520192
    },
    {
        "StartTime":  "\/Date(1766629924154)\/",
        "Handles":  297,
        "Name":  "Code",
        "NPM":  15552,
        "PM":  12521472,
        "SI":  1,
        "VM":  2238127149056,
        "WS":  96145408
    },
    {
        "StartTime":  "\/Date(1766632434563)\/",
        "Handles":  543,
        "Name":  "Code",
        "NPM":  30656,
        "PM":  30502912,
        "SI":  1,
        "VM":  3693759451136,
        "WS":  106110976
    },
    {
        "StartTime":  "\/Date(1766629947846)\/",
        "Handles":  1462,
        "Name":  "Code",
        "NPM":  69424,
        "PM":  135151616,
        "SI":  1,
        "VM":  3696014110720,
        "WS":  177418240
    },
    {
        "StartTime":  "\/Date(1766629952390)\/",
        "Handles":  324,
        "Name":  "Code",
        "NPM":  11464,
        "PM":  10883072,
        "SI":  1,
        "VM":  2238059159552,
        "WS":  93392896
    },
    {
        "StartTime":  "\/Date(1766629927284)\/",
        "Handles":  506,
        "Name":  "Code",
        "NPM":  21432,
        "PM":  27172864,
        "SI":  1,
        "VM":  2238287437824,
        "WS":  106799104
    },
    {
        "StartTime":  "\/Date(1766631774741)\/",
        "Handles":  199,
        "Name":  "Code",
        "NPM":  18144,
        "PM":  39424000,
        "SI":  1,
        "VM":  3693659795456,
        "WS":  112275456
    },
    {
        "StartTime":  "\/Date(1766631641791)\/",
        "Handles":  215,
        "Name":  "Code",
        "NPM":  20200,
        "PM":  107831296,
        "SI":  1,
        "VM":  3693675524096,
        "WS":  147435520
    },
    {
        "StartTime":  "\/Date(1766629920420)\/",
        "Handles":  184,
        "Name":  "Code",
        "NPM":  11464,
        "PM":  10874880,
        "SI":  1,
        "VM":  2238059159552,
        "WS":  92905472
    },
    {
        "StartTime":  "\/Date(1766629927554)\/",
        "Handles":  297,
        "Name":  "Code",
        "NPM":  15552,
        "PM":  12505088,
        "SI":  1,
        "VM":  2238127149056,
        "WS":  96182272
    },
    {
        "StartTime":  "\/Date(1766630125706)\/",
        "Handles":  388,
        "Name":  "Code",
        "NPM":  41936,
        "PM":  127873024,
        "SI":  1,
        "VM":  3700846997504,
        "WS":  139005952
    },
    {
        "StartTime":  "\/Date(1766631774433)\/",
        "Handles":  199,
        "Name":  "Code",
        "NPM":  18280,
        "PM":  28532736,
        "SI":  1,
        "VM":  3693658746880,
        "WS":  105725952
    },
    {
        "StartTime":  "\/Date(1766629452561)\/",
        "Handles":  170,
        "Name":  "Code",
        "NPM":  11464,
        "PM":  10752000,
        "SI":  1,
        "VM":  2238059159552,
        "WS":  26902528
    },
    {
        "StartTime":  "\/Date(1766629995217)\/",
        "Handles":  355,
        "Name":  "Code",
        "NPM":  28712,
        "PM":  92962816,
        "SI":  1,
        "VM":  3695571992576,
        "WS":  110436352
    },
    {
        "StartTime":  "\/Date(1766632433941)\/",
        "Handles":  278,
        "Name":  "Code",
        "NPM":  19840,
        "PM":  21610496,
        "SI":  1,
        "VM":  3693686759424,
        "WS":  101572608
    },
    {
        "StartTime":  "\/Date(1766629931922)\/",
        "Handles":  854,
        "Name":  "Code",
        "NPM":  40392,
        "PM":  91217920,
        "SI":  1,
        "VM":  3695865425920,
        "WS":  116719616
    },
    {
        "StartTime":  "\/Date(1766629993762)\/",
        "Handles":  345,
        "Name":  "Code",
        "NPM":  29592,
        "PM":  134328320,
        "SI":  1,
        "VM":  3695540936704,
        "WS":  160649216
    },
    {
        "StartTime":  "\/Date(1766629934790)\/",
        "Handles":  184,
        "Name":  "Code",
        "NPM":  11464,
        "PM":  10723328,
        "SI":  1,
        "VM":  2238059159552,
        "WS":  92999680
    },
    {
        "StartTime":  "\/Date(1766630101766)\/",
        "Handles":  185,
        "Name":  "Code",
        "NPM":  18216,
        "PM":  36577280,
        "SI":  1,
        "VM":  3693658746880,
        "WS":  98275328
    },
    {
        "StartTime":  "\/Date(1766629936416)\/",
        "Handles":  296,
        "Name":  "Code",
        "NPM":  15552,
        "PM":  12578816,
        "SI":  1,
        "VM":  2238127149056,
        "WS":  96231424
    },
    {
        "StartTime":  "\/Date(1766629936512)\/",
        "Handles":  506,
        "Name":  "Code",
        "NPM":  21432,
        "PM":  27209728,
        "SI":  1,
        "VM":  2238287437824,
        "WS":  91787264
    },
    {
        "StartTime":  "\/Date(1766631599336)\/",
        "Handles":  197,
        "Name":  "Code",
        "NPM":  18280,
        "PM":  38637568,
        "SI":  1,
        "VM":  3693658746880,
        "WS":  102514688
    },
    {
        "StartTime":  "\/Date(1766629954490)\/",
        "Handles":  789,
        "Name":  "Code",
        "NPM":  37632,
        "PM":  121040896,
        "SI":  1,
        "VM":  2238596431872,
        "WS":  160030720
    },
    {
        "StartTime":  "\/Date(1766629954503)\/",
        "Handles":  351,
        "Name":  "Code",
        "NPM":  19440,
        "PM":  15261696,
        "SI":  1,
        "VM":  2238146187264,
        "WS":  101896192
    },
    {
        "StartTime":  "\/Date(1766629955967)\/",
        "Handles":  971,
        "Name":  "Code",
        "NPM":  63232,
        "PM":  693182464,
        "SI":  1,
        "VM":  3716302270464,
        "WS":  579166208
    },
    {
        "StartTime":  "\/Date(1766630067854)\/",
        "Handles":  147,
        "Name":  "codex",
        "NPM":  8968,
        "PM":  6934528,
        "SI":  1,
        "VM":  4478312448,
        "WS":  9515008
    },
    {
        "StartTime":  "\/Date(1766634309425)\/",
        "Handles":  240,
        "Name":  "com.docker.backend",
        "NPM":  14696,
        "PM":  41660416,
        "SI":  1,
        "VM":  5745512448,
        "WS":  59535360
    },
    {
        "StartTime":  "\/Date(1766634310949)\/",
        "Handles":  1135,
        "Name":  "com.docker.backend",
        "NPM":  62792,
        "PM":  119218176,
        "SI":  1,
        "VM":  5950287872,
        "WS":  153817088
    },
    {
        "StartTime":  "\/Date(1766634320401)\/",
        "Handles":  293,
        "Name":  "com.docker.build",
        "NPM":  12400,
        "PM":  22970368,
        "SI":  1,
        "VM":  5635198976,
        "WS":  32280576
    },
    {
        "StartTime":  "\/Date(1766635116691)\/",
        "Handles":  368,
        "Name":  "com.docker.diagnose",
        "NPM":  18176,
        "PM":  46514176,
        "SI":  1,
        "VM":  5648113664,
        "WS":  52035584
    },
    {
        "StartTime":  "\/Date(1766634689683)\/",
        "Handles":  148,
        "Name":  "CompPkgSrv",
        "NPM":  7608,
        "PM":  1662976,
        "SI":  1,
        "VM":  2203412680704,
        "WS":  9302016
    },
    {
        "StartTime":  "\/Date(1766630068234)\/",
        "Handles":  111,
        "Name":  "conhost",
        "NPM":  7328,
        "PM":  6508544,
        "SI":  1,
        "VM":  2203421904896,
        "WS":  5402624
    },
    {
        "StartTime":  "\/Date(1766634216061)\/",
        "Handles":  112,
        "Name":  "conhost",
        "NPM":  8144,
        "PM":  1372160,
        "SI":  1,
        "VM":  2203417473024,
        "WS":  6680576
    },
    {
        "StartTime":  "\/Date(1766633562397)\/",
        "Handles":  116,
        "Name":  "conhost",
        "NPM":  8144,
        "PM":  1466368,
        "SI":  1,
        "VM":  2203417473024,
        "WS":  6778880
    },
    {
        "StartTime":  "\/Date(1766629749194)\/",
        "Handles":  107,
        "Name":  "conhost",
        "NPM":  8008,
        "PM":  1298432,
        "SI":  1,
        "VM":  2203416948736,
        "WS":  5783552
    },
    {
        "StartTime":  "\/Date(1766632517300)\/",
        "Handles":  111,
        "Name":  "conhost",
        "NPM":  7328,
        "PM":  6475776,
        "SI":  1,
        "VM":  2203421904896,
        "WS":  5672960
    },
    {
        "StartTime":  "\/Date(1766630124437)\/",
        "Handles":  111,
        "Name":  "conhost",
        "NPM":  7328,
        "PM":  6496256,
        "SI":  1,
        "VM":  2203421904896,
        "WS":  5533696
    },
    {
        "StartTime":  "\/Date(1766630132083)\/",
        "Handles":  109,
        "Name":  "conhost",
        "NPM":  8144,
        "PM":  1327104,
        "SI":  1,
        "VM":  2203417473024,
        "WS":  5894144
    },
    {
        "StartTime":  "\/Date(1766634309445)\/",
        "Handles":  113,
        "Name":  "conhost",
        "NPM":  7328,
        "PM":  6471680,
        "SI":  1,
        "VM":  2203421904896,
        "WS":  11481088
    },
    {
        "StartTime":  "\/Date(1766634354159)\/",
        "Handles":  111,
        "Name":  "conhost",
        "NPM":  7328,
        "PM":  6475776,
        "SI":  1,
        "VM":  2203421904896,
        "WS":  11476992
    },
    {
        "StartTime":  null,
        "Handles":  605,
        "Name":  "csrss",
        "NPM":  22768,
        "PM":  1904640,
        "SI":  0,
        "VM":  2203413446656,
        "WS":  4517888
    },
    {
        "StartTime":  null,
        "Handles":  982,
        "Name":  "csrss",
        "NPM":  38960,
        "PM":  5914624,
        "SI":  1,
        "VM":  2203470573568,
        "WS":  5365760
    },
    {
        "StartTime":  "\/Date(1766622698953)\/",
        "Handles":  500,
        "Name":  "ctfmon",
        "NPM":  19488,
        "PM":  21151744,
        "SI":  1,
        "VM":  2203532070912,
        "WS":  22364160
    },
    {
        "StartTime":  "\/Date(1766622750566)\/",
        "Handles":  270,
        "Name":  "DataExchangeHost",
        "NPM":  17944,
        "PM":  6754304,
        "SI":  1,
        "VM":  2203506831360,
        "WS":  4358144
    },
    {
        "StartTime":  null,
        "Handles":  218,
        "Name":  "dllhost",
        "NPM":  18216,
        "PM":  4272128,
        "SI":  0,
        "VM":  2203485822976,
        "WS":  11976704
    },
    {
        "StartTime":  "\/Date(1766623121710)\/",
        "Handles":  250,
        "Name":  "dllhost",
        "NPM":  16720,
        "PM":  3813376,
        "SI":  1,
        "VM":  2203507228672,
        "WS":  12345344
    },
    {
        "StartTime":  "\/Date(1766634342133)\/",
        "Handles":  748,
        "Name":  "Docker Desktop",
        "NPM":  34912,
        "PM":  77058048,
        "SI":  1,
        "VM":  3694050312192,
        "WS":  85438464
    },
    {
        "StartTime":  "\/Date(1766634326068)\/",
        "Handles":  634,
        "Name":  "Docker Desktop",
        "NPM":  31928,
        "PM":  74305536,
        "SI":  1,
        "VM":  3693905903616,
        "WS":  73629696
    },
    {
        "StartTime":  "\/Date(1766634339840)\/",
        "Handles":  1057,
        "Name":  "Docker Desktop",
        "NPM":  47216,
        "PM":  128225280,
        "SI":  1,
        "VM":  3694094987264,
        "WS":  137785344
    },
    {
        "StartTime":  "\/Date(1766634318770)\/",
        "Handles":  504,
        "Name":  "Docker Desktop",
        "NPM":  21432,
        "PM":  27320320,
        "SI":  1,
        "VM":  2238265683968,
        "WS":  52088832
    },
    {
        "StartTime":  "\/Date(1766634347390)\/",
        "Handles":  335,
        "Name":  "Docker Desktop",
        "NPM":  24536,
        "PM":  126287872,
        "SI":  1,
        "VM":  3693706891264,
        "WS":  187187200
    },
    {
        "StartTime":  "\/Date(1766634317854)\/",
        "Handles":  634,
        "Name":  "Docker Desktop",
        "NPM":  31928,
        "PM":  74088448,
        "SI":  1,
        "VM":  3693905903616,
        "WS":  70844416
    },
    {
        "StartTime":  "\/Date(1766634343700)\/",
        "Handles":  561,
        "Name":  "Docker Desktop",
        "NPM":  24288,
        "PM":  38002688,
        "SI":  1,
        "VM":  2238320590848,
        "WS":  79151104
    },
    {
        "StartTime":  "\/Date(1766634343928)\/",
        "Handles":  318,
        "Name":  "Docker Desktop",
        "NPM":  16920,
        "PM":  12967936,
        "SI":  1,
        "VM":  2238134657024,
        "WS":  50135040
    },
    {
        "StartTime":  "\/Date(1766634318801)\/",
        "Handles":  283,
        "Name":  "Docker Desktop",
        "NPM":  15112,
        "PM":  12296192,
        "SI":  1,
        "VM":  2238117216256,
        "WS":  39833600
    },
    {
        "StartTime":  "\/Date(1766634344508)\/",
        "Handles":  504,
        "Name":  "Docker Desktop",
        "NPM":  21432,
        "PM":  27066368,
        "SI":  1,
        "VM":  2238265683968,
        "WS":  62652416
    },
    {
        "StartTime":  "\/Date(1766634344527)\/",
        "Handles":  302,
        "Name":  "Docker Desktop",
        "NPM":  16240,
        "PM":  12898304,
        "SI":  1,
        "VM":  2238135390208,
        "WS":  53399552
    },
    {
        "StartTime":  "\/Date(1766634328029)\/",
        "Handles":  283,
        "Name":  "Docker Desktop",
        "NPM":  15112,
        "PM":  12259328,
        "SI":  1,
        "VM":  2238117216256,
        "WS":  42500096
    },
    {
        "StartTime":  "\/Date(1766634328062)\/",
        "Handles":  504,
        "Name":  "Docker Desktop",
        "NPM":  21432,
        "PM":  27119616,
        "SI":  1,
        "VM":  2238265683968,
        "WS":  55586816
    },
    {
        "StartTime":  "\/Date(1766634332151)\/",
        "Handles":  630,
        "Name":  "Docker Desktop",
        "NPM":  32064,
        "PM":  80842752,
        "SI":  1,
        "VM":  3693906952192,
        "WS":  76419072
    },
    {
        "StartTime":  "\/Date(1766634333564)\/",
        "Handles":  504,
        "Name":  "Docker Desktop",
        "NPM":  21432,
        "PM":  27262976,
        "SI":  1,
        "VM":  2238265683968,
        "WS":  55648256
    },
    {
        "StartTime":  "\/Date(1766634333591)\/",
        "Handles":  283,
        "Name":  "Docker Desktop",
        "NPM":  15112,
        "PM":  12267520,
        "SI":  1,
        "VM":  2238117216256,
        "WS":  42532864
    },
    {
        "StartTime":  "\/Date(1766634348122)\/",
        "Handles":  631,
        "Name":  "Docker Desktop",
        "NPM":  31792,
        "PM":  72978432,
        "SI":  1,
        "VM":  3693904855040,
        "WS":  97841152
    },
    {
        "StartTime":  "\/Date(1766634350478)\/",
        "Handles":  504,
        "Name":  "Docker Desktop",
        "NPM":  21432,
        "PM":  27336704,
        "SI":  1,
        "VM":  2238265683968,
        "WS":  89952256
    },
    {
        "StartTime":  "\/Date(1766634350524)\/",
        "Handles":  284,
        "Name":  "Docker Desktop",
        "NPM":  15112,
        "PM":  12242944,
        "SI":  1,
        "VM":  2238117216256,
        "WS":  76808192
    },
    {
        "StartTime":  null,
        "Handles":  992,
        "Name":  "dwm",
        "NPM":  39600,
        "PM":  57376768,
        "SI":  1,
        "VM":  2203727138816,
        "WS":  55685120
    },
    {
        "StartTime":  "\/Date(1766622700902)\/",
        "Handles":  2748,
        "Name":  "explorer",
        "NPM":  141648,
        "PM":  104980480,
        "SI":  1,
        "VM":  2204058628096,
        "WS":  120156160
    },
    {
        "StartTime":  "\/Date(1766630337927)\/",
        "Handles":  411,
        "Name":  "FileCoAuth",
        "NPM":  21368,
        "PM":  15441920,
        "SI":  1,
        "VM":  2203497660416,
        "WS":  29040640
    },
    {
        "StartTime":  null,
        "Handles":  50,
        "Name":  "fontdrvhost",
        "NPM":  7336,
        "PM":  2658304,
        "SI":  1,
        "VM":  2203394715648,
        "WS":  5079040
    },
    {
        "StartTime":  null,
        "Handles":  50,
        "Name":  "fontdrvhost",
        "NPM":  6656,
        "PM":  1699840,
        "SI":  0,
        "VM":  2203390332928,
        "WS":  3698688
    },
    {
        "StartTime":  "\/Date(1766632517149)\/",
        "Handles":  215,
        "Name":  "gk",
        "NPM":  12256,
        "PM":  21708800,
        "SI":  1,
        "VM":  5840416768,
        "WS":  24170496
    },
    {
        "StartTime":  null,
        "Handles":  0,
        "Name":  "Idle",
        "NPM":  272,
        "PM":  61440,
        "SI":  0,
        "VM":  8192,
        "WS":  8192
    },
    {
        "StartTime":  null,
        "Handles":  53,
        "Name":  "LsaIso",
        "NPM":  6792,
        "PM":  1277952,
        "SI":  0,
        "VM":  2203368964096,
        "WS":  3022848
    },
    {
        "StartTime":  null,
        "Handles":  1645,
        "Name":  "lsass",
        "NPM":  26672,
        "PM":  9183232,
        "SI":  0,
        "VM":  2203425939456,
        "WS":  20684800
    },
    {
        "StartTime":  null,
        "Handles":  0,
        "Name":  "Memory Compression",
        "NPM":  0,
        "PM":  2068480,
        "SI":  0,
        "VM":  871104512,
        "WS":  101027840
    },
    {
        "StartTime":  null,
        "Handles":  496,
        "Name":  "MpDefenderCoreService",
        "NPM":  17032,
        "PM":  9437184,
        "SI":  0,
        "VM":  2203433787392,
        "WS":  17960960
    },
    {
        "StartTime":  "\/Date(1766626624932)\/",
        "Handles":  158,
        "Name":  "msedge",
        "NPM":  9512,
        "PM":  2174976,
        "SI":  1,
        "VM":  2306566701056,
        "WS":  10346496
    },
    {
        "StartTime":  "\/Date(1766629744807)\/",
        "Handles":  449,
        "Name":  "msedge",
        "NPM":  29760,
        "PM":  85573632,
        "SI":  1,
        "VM":  3815871979520,
        "WS":  6373376
    },
    {
        "StartTime":  "\/Date(1766626625741)\/",
        "Handles":  345,
        "Name":  "msedge",
        "NPM":  19000,
        "PM":  13795328,
        "SI":  1,
        "VM":  2358549819392,
        "WS":  41897984
    },
    {
        "StartTime":  "\/Date(1766626625796)\/",
        "Handles":  195,
        "Name":  "msedge",
        "NPM":  12368,
        "PM":  9023488,
        "SI":  1,
        "VM":  2358471442432,
        "WS":  21921792
    },
    {
        "StartTime":  "\/Date(1766626624612)\/",
        "Handles":  1431,
        "Name":  "msedge",
        "NPM":  50784,
        "PM":  62230528,
        "SI":  1,
        "VM":  2445196890112,
        "WS":  112824320
    },
    {
        "StartTime":  "\/Date(1766626629296)\/",
        "Handles":  213,
        "Name":  "msedge",
        "NPM":  17480,
        "PM":  16736256,
        "SI":  1,
        "VM":  3814093164544,
        "WS":  27394048
    },
    {
        "StartTime":  "\/Date(1766626625780)\/",
        "Handles":  497,
        "Name":  "msedge",
        "NPM":  21520,
        "PM":  24240128,
        "SI":  1,
        "VM":  2358651695104,
        "WS":  34025472
    },
    {
        "StartTime":  "\/Date(1766622793729)\/",
        "Handles":  1330,
        "Name":  "msedgewebview2",
        "NPM":  49416,
        "PM":  50012160,
        "SI":  1,
        "VM":  2410493362176,
        "WS":  14934016
    },
    {
        "StartTime":  "\/Date(1766623135125)\/",
        "Handles":  1594,
        "Name":  "msedgewebview2",
        "NPM":  53120,
        "PM":  60071936,
        "SI":  1,
        "VM":  2410493595648,
        "WS":  52264960
    },
    {
        "StartTime":  "\/Date(1766622795745)\/",
        "Handles":  187,
        "Name":  "msedgewebview2",
        "NPM":  12368,
        "PM":  8929280,
        "SI":  1,
        "VM":  2358454382592,
        "WS":  3633152
    },
    {
        "StartTime":  "\/Date(1766623136029)\/",
        "Handles":  190,
        "Name":  "msedgewebview2",
        "NPM":  12096,
        "PM":  9052160,
        "SI":  1,
        "VM":  2358454120448,
        "WS":  2469888
    },
    {
        "StartTime":  "\/Date(1766622794022)\/",
        "Handles":  164,
        "Name":  "msedgewebview2",
        "NPM":  9376,
        "PM":  2154496,
        "SI":  1,
        "VM":  2306562781184,
        "WS":  5292032
    },
    {
        "StartTime":  "\/Date(1766623141774)\/",
        "Handles":  398,
        "Name":  "msedgewebview2",
        "NPM":  52384,
        "PM":  439353344,
        "SI":  1,
        "VM":  3817736835072,
        "WS":  4255744
    },
    {
        "StartTime":  "\/Date(1766622796125)\/",
        "Handles":  418,
        "Name":  "msedgewebview2",
        "NPM":  22512,
        "PM":  73900032,
        "SI":  1,
        "VM":  3814106943488,
        "WS":  3633152
    },
    {
        "StartTime":  "\/Date(1766622795616)\/",
        "Handles":  335,
        "Name":  "msedgewebview2",
        "NPM":  18248,
        "PM":  11624448,
        "SI":  1,
        "VM":  2358540886016,
        "WS":  7798784
    },
    {
        "StartTime":  "\/Date(1766622795618)\/",
        "Handles":  640,
        "Name":  "msedgewebview2",
        "NPM":  31192,
        "PM":  78426112,
        "SI":  1,
        "VM":  2358904070144,
        "WS":  7254016
    },
    {
        "StartTime":  "\/Date(1766622925140)\/",
        "Handles":  395,
        "Name":  "msedgewebview2",
        "NPM":  21768,
        "PM":  55951360,
        "SI":  1,
        "VM":  3814106640384,
        "WS":  4071424
    },
    {
        "StartTime":  "\/Date(1766623135222)\/",
        "Handles":  157,
        "Name":  "msedgewebview2",
        "NPM":  9376,
        "PM":  2162688,
        "SI":  1,
        "VM":  2306562781184,
        "WS":  9707520
    },
    {
        "StartTime":  "\/Date(1766622924994)\/",
        "Handles":  287,
        "Name":  "msedgewebview2",
        "NPM":  20608,
        "PM":  30187520,
        "SI":  1,
        "VM":  3814104010752,
        "WS":  3641344
    },
    {
        "StartTime":  "\/Date(1766623135975)\/",
        "Handles":  335,
        "Name":  "msedgewebview2",
        "NPM":  27320,
        "PM":  19435520,
        "SI":  1,
        "VM":  2358617272320,
        "WS":  5971968
    },
    {
        "StartTime":  "\/Date(1766623135967)\/",
        "Handles":  334,
        "Name":  "msedgewebview2",
        "NPM":  17704,
        "PM":  13414400,
        "SI":  1,
        "VM":  2358540615680,
        "WS":  16805888
    },
    {
        "StartTime":  "\/Date(1766626408126)\/",
        "Handles":  268,
        "Name":  "msedgewebview2",
        "NPM":  15904,
        "PM":  8929280,
        "SI":  1,
        "VM":  2358478581760,
        "WS":  2310144
    },
    {
        "StartTime":  null,
        "Handles":  497,
        "Name":  "msiexec",
        "NPM":  20368,
        "PM":  10575872,
        "SI":  0,
        "VM":  2203473981440,
        "WS":  28405760
    },
    {
        "StartTime":  null,
        "Handles":  961,
        "Name":  "MsMpEng",
        "NPM":  234232,
        "PM":  364515328,
        "SI":  0,
        "VM":  2204164153344,
        "WS":  313765888
    },
    {
        "StartTime":  "\/Date(1766622754922)\/",
        "Handles":  1548,
        "Name":  "MSPCManager",
        "NPM":  154128,
        "PM":  694337536,
        "SI":  1,
        "VM":  57682542592,
        "WS":  202657792
    },
    {
        "StartTime":  null,
        "Handles":  213,
        "Name":  "NisSrv",
        "NPM":  10912,
        "PM":  4866048,
        "SI":  0,
        "VM":  2203418128384,
        "WS":  11014144
    },
    {
        "StartTime":  null,
        "Handles":  659,
        "Name":  "OfficeClickToRun",
        "NPM":  25912,
        "PM":  34004992,
        "SI":  0,
        "VM":  2203561168896,
        "WS":  26664960
    },
    {
        "StartTime":  "\/Date(1766622742721)\/",
        "Handles":  918,
        "Name":  "OneDrive",
        "NPM":  58880,
        "PM":  66011136,
        "SI":  1,
        "VM":  2207179624448,
        "WS":  43327488
    },
    {
        "StartTime":  "\/Date(1766623190902)\/",
        "Handles":  501,
        "Name":  "OneDrive.Sync.Service",
        "NPM":  28168,
        "PM":  40087552,
        "SI":  1,
        "VM":  2203596931072,
        "WS":  8732672
    },
    {
        "StartTime":  "\/Date(1766630124366)\/",
        "Handles":  79,
        "Name":  "pet",
        "NPM":  5160,
        "PM":  2842624,
        "SI":  1,
        "VM":  2203375407104,
        "WS":  7450624
    },
    {
        "StartTime":  "\/Date(1766629749753)\/",
        "Handles":  437,
        "Name":  "powershell",
        "NPM":  30064,
        "PM":  58585088,
        "SI":  1,
        "VM":  2204016078848,
        "WS":  52252672
    },
    {
        "StartTime":  "\/Date(1766630133195)\/",
        "Handles":  438,
        "Name":  "powershell",
        "NPM":  30064,
        "PM":  58564608,
        "SI":  1,
        "VM":  2204016087040,
        "WS":  52715520
    },
    {
        "StartTime":  "\/Date(1766633563399)\/",
        "Handles":  696,
        "Name":  "powershell",
        "NPM":  39152,
        "PM":  68235264,
        "SI":  1,
        "VM":  2204055822336,
        "WS":  95637504
    },
    {
        "StartTime":  "\/Date(1766635145071)\/",
        "Handles":  577,
        "Name":  "powershell",
        "NPM":  31504,
        "PM":  65093632,
        "SI":  1,
        "VM":  2204027678720,
        "WS":  72450048
    },
    {
        "StartTime":  "\/Date(1766634216711)\/",
        "Handles":  697,
        "Name":  "powershell",
        "NPM":  65856,
        "PM":  122961920,
        "SI":  1,
        "VM":  2204092338176,
        "WS":  120451072
    },
    {
        "StartTime":  "\/Date(1766635146512)\/",
        "Handles":  524,
        "Name":  "powershell",
        "NPM":  27968,
        "PM":  62042112,
        "SI":  1,
        "VM":  2204014653440,
        "WS":  67530752
    },
    {
        "StartTime":  null,
        "Handles":  0,
        "Name":  "Registry",
        "NPM":  12104,
        "PM":  10928128,
        "SI":  0,
        "VM":  132997120,
        "WS":  54853632
    },
    {
        "StartTime":  "\/Date(1766622742114)\/",
        "Handles":  277,
        "Name":  "RtkAudUService64",
        "NPM":  11608,
        "PM":  2191360,
        "SI":  1,
        "VM":  4416962560,
        "WS":  2080768
    },
    {
        "StartTime":  "\/Date(1766624650551)\/",
        "Handles":  141,
        "Name":  "rundll32",
        "NPM":  9920,
        "PM":  1806336,
        "SI":  1,
        "VM":  2203416236032,
        "WS":  8708096
    },
    {
        "StartTime":  "\/Date(1766622710307)\/",
        "Handles":  587,
        "Name":  "RuntimeBroker",
        "NPM":  28912,
        "PM":  10149888,
        "SI":  1,
        "VM":  2203544838144,
        "WS":  24072192
    },
    {
        "StartTime":  "\/Date(1766622733091)\/",
        "Handles":  385,
        "Name":  "RuntimeBroker",
        "NPM":  19032,
        "PM":  6361088,
        "SI":  1,
        "VM":  2203489452032,
        "WS":  20836352
    },
    {
        "StartTime":  "\/Date(1766622714584)\/",
        "Handles":  364,
        "Name":  "RuntimeBroker",
        "NPM":  20800,
        "PM":  6766592,
        "SI":  1,
        "VM":  2203485790208,
        "WS":  17264640
    },
    {
        "StartTime":  "\/Date(1766622724749)\/",
        "Handles":  344,
        "Name":  "RuntimeBroker",
        "NPM":  16864,
        "PM":  5029888,
        "SI":  1,
        "VM":  2203469889536,
        "WS":  17387520
    },
    {
        "StartTime":  "\/Date(1766623134419)\/",
        "Handles":  159,
        "Name":  "RuntimeBroker",
        "NPM":  9920,
        "PM":  2220032,
        "SI":  1,
        "VM":  2203420631040,
        "WS":  9887744
    },
    {
        "StartTime":  "\/Date(1766622766299)\/",
        "Handles":  166,
        "Name":  "RuntimeBroker",
        "NPM":  10192,
        "PM":  2404352,
        "SI":  1,
        "VM":  2203421855744,
        "WS":  6778880
    },
    {
        "StartTime":  "\/Date(1766622716193)\/",
        "Handles":  1656,
        "Name":  "SearchApp",
        "NPM":  124904,
        "PM":  161435648,
        "SI":  1,
        "VM":  2243098976256,
        "WS":  62115840
    },
    {
        "StartTime":  null,
        "Handles":  924,
        "Name":  "SearchIndexer",
        "NPM":  75432,
        "PM":  33001472,
        "SI":  0,
        "VM":  2203594805248,
        "WS":  38182912
    },
    {
        "StartTime":  null,
        "Handles":  0,
        "Name":  "Secure System",
        "NPM":  272,
        "PM":  176128,
        "SI":  0,
        "VM":  2269184,
        "WS":  23187456
    },
    {
        "StartTime":  null,
        "Handles":  258,
        "Name":  "SecurityHealthService",
        "NPM":  12616,
        "PM":  3432448,
        "SI":  0,
        "VM":  2203407638528,
        "WS":  11722752
    },
    {
        "StartTime":  null,
        "Handles":  768,
        "Name":  "services",
        "NPM":  14704,
        "PM":  5767168,
        "SI":  0,
        "VM":  2203401658368,
        "WS":  11866112
    },
    {
        "StartTime":  "\/Date(1766622728142)\/",
        "Handles":  931,
        "Name":  "ShellExperienceHost",
        "NPM":  38216,
        "PM":  21839872,
        "SI":  1,
        "VM":  2203740327936,
        "WS":  46006272
    },
    {
        "StartTime":  "\/Date(1766622697717)\/",
        "Handles":  589,
        "Name":  "sihost",
        "NPM":  19216,
        "PM":  5898240,
        "SI":  1,
        "VM":  2203500412928,
        "WS":  19275776
    },
    {
        "StartTime":  null,
        "Handles":  53,
        "Name":  "smss",
        "NPM":  3224,
        "PM":  1097728,
        "SI":  0,
        "VM":  2203359731712,
        "WS":  1081344
    },
    {
        "StartTime":  null,
        "Handles":  449,
        "Name":  "spoolsv",
        "NPM":  20960,
        "PM":  5316608,
        "SI":  0,
        "VM":  2203433644032,
        "WS":  11341824
    },
    {
        "StartTime":  "\/Date(1766622713909)\/",
        "Handles":  625,
        "Name":  "StartMenuExperienceHost",
        "NPM":  33472,
        "PM":  31358976,
        "SI":  1,
        "VM":  2203757559808,
        "WS":  41795584
    },
    {
        "StartTime":  null,
        "Handles":  1376,
        "Name":  "svchost",
        "NPM":  23480,
        "PM":  11280384,
        "SI":  0,
        "VM":  2203469926400,
        "WS":  29732864
    },
    {
        "StartTime":  null,
        "Handles":  228,
        "Name":  "svchost",
        "NPM":  12864,
        "PM":  3084288,
        "SI":  0,
        "VM":  2203402375168,
        "WS":  10317824
    },
    {
        "StartTime":  null,
        "Handles":  1435,
        "Name":  "svchost",
        "NPM":  20928,
        "PM":  8753152,
        "SI":  0,
        "VM":  2203423141888,
        "WS":  15962112
    },
    {
        "StartTime":  null,
        "Handles":  484,
        "Name":  "svchost",
        "NPM":  17224,
        "PM":  18546688,
        "SI":  0,
        "VM":  2203441696768,
        "WS":  26730496
    },
    {
        "StartTime":  null,
        "Handles":  360,
        "Name":  "svchost",
        "NPM":  14120,
        "PM":  2953216,
        "SI":  0,
        "VM":  2203402346496,
        "WS":  10141696
    },
    {
        "StartTime":  null,
        "Handles":  251,
        "Name":  "svchost",
        "NPM":  12920,
        "PM":  2527232,
        "SI":  0,
        "VM":  2203401433088,
        "WS":  9596928
    },
    {
        "StartTime":  null,
        "Handles":  388,
        "Name":  "svchost",
        "NPM":  17312,
        "PM":  6623232,
        "SI":  0,
        "VM":  2203422732288,
        "WS":  13774848
    },
    {
        "StartTime":  null,
        "Handles":  246,
        "Name":  "svchost",
        "NPM":  13592,
        "PM":  3403776,
        "SI":  0,
        "VM":  2203434053632,
        "WS":  13381632
    },
    {
        "StartTime":  null,
        "Handles":  337,
        "Name":  "svchost",
        "NPM":  11664,
        "PM":  2691072,
        "SI":  0,
        "VM":  2203398275072,
        "WS":  7278592
    },
    {
        "StartTime":  null,
        "Handles":  173,
        "Name":  "svchost",
        "NPM":  7472,
        "PM":  1531904,
        "SI":  0,
        "VM":  2203395866624,
        "WS":  5976064
    },
    {
        "StartTime":  null,
        "Handles":  275,
        "Name":  "svchost",
        "NPM":  13976,
        "PM":  3661824,
        "SI":  0,
        "VM":  2203408945152,
        "WS":  13381632
    },
    {
        "StartTime":  null,
        "Handles":  462,
        "Name":  "svchost",
        "NPM":  14216,
        "PM":  17104896,
        "SI":  0,
        "VM":  2203431501824,
        "WS":  17166336
    },
    {
        "StartTime":  null,
        "Handles":  156,
        "Name":  "svchost",
        "NPM":  9256,
        "PM":  1794048,
        "SI":  0,
        "VM":  2203398864896,
        "WS":  11304960
    },
    {
        "StartTime":  null,
        "Handles":  249,
        "Name":  "svchost",
        "NPM":  10056,
        "PM":  2592768,
        "SI":  0,
        "VM":  2203396988928,
        "WS":  9183232
    },
    {
        "StartTime":  null,
        "Handles":  112,
        "Name":  "svchost",
        "NPM":  8016,
        "PM":  1236992,
        "SI":  0,
        "VM":  2203386150912,
        "WS":  5431296
    },
    {
        "StartTime":  null,
        "Handles":  156,
        "Name":  "svchost",
        "NPM":  26856,
        "PM":  5185536,
        "SI":  0,
        "VM":  2203390332928,
        "WS":  7065600
    },
    {
        "StartTime":  null,
        "Handles":  130,
        "Name":  "svchost",
        "NPM":  8152,
        "PM":  1425408,
        "SI":  0,
        "VM":  2203388051456,
        "WS":  6586368
    },
    {
        "StartTime":  null,
        "Handles":  243,
        "Name":  "svchost",
        "NPM":  10488,
        "PM":  2424832,
        "SI":  0,
        "VM":  2203393830912,
        "WS":  7184384
    },
    {
        "StartTime":  null,
        "Handles":  237,
        "Name":  "svchost",
        "NPM":  9376,
        "PM":  1736704,
        "SI":  0,
        "VM":  2203394555904,
        "WS":  7774208
    },
    {
        "StartTime":  null,
        "Handles":  184,
        "Name":  "svchost",
        "NPM":  9784,
        "PM":  7274496,
        "SI":  0,
        "VM":  2203410612224,
        "WS":  16269312
    },
    {
        "StartTime":  null,
        "Handles":  206,
        "Name":  "svchost",
        "NPM":  13096,
        "PM":  2691072,
        "SI":  0,
        "VM":  2203408216064,
        "WS":  12140544
    },
    {
        "StartTime":  null,
        "Handles":  402,
        "Name":  "svchost",
        "NPM":  15936,
        "PM":  5054464,
        "SI":  0,
        "VM":  2203421446144,
        "WS":  11567104
    },
    {
        "StartTime":  null,
        "Handles":  923,
        "Name":  "svchost",
        "NPM":  15448,
        "PM":  4157440,
        "SI":  0,
        "VM":  2203402342400,
        "WS":  10280960
    },
    {
        "StartTime":  null,
        "Handles":  214,
        "Name":  "svchost",
        "NPM":  15160,
        "PM":  11128832,
        "SI":  0,
        "VM":  2203409436672,
        "WS":  9121792
    },
    {
        "StartTime":  null,
        "Handles":  178,
        "Name":  "svchost",
        "NPM":  9160,
        "PM":  1912832,
        "SI":  0,
        "VM":  2203395182592,
        "WS":  6975488
    },
    {
        "StartTime":  null,
        "Handles":  227,
        "Name":  "svchost",
        "NPM":  12160,
        "PM":  3334144,
        "SI":  0,
        "VM":  2207723503616,
        "WS":  14360576
    },
    {
        "StartTime":  null,
        "Handles":  339,
        "Name":  "svchost",
        "NPM":  7744,
        "PM":  1409024,
        "SI":  0,
        "VM":  2203391209472,
        "WS":  5967872
    },
    {
        "StartTime":  null,
        "Handles":  180,
        "Name":  "svchost",
        "NPM":  12096,
        "PM":  1867776,
        "SI":  0,
        "VM":  2203395358720,
        "WS":  7626752
    },
    {
        "StartTime":  null,
        "Handles":  245,
        "Name":  "svchost",
        "NPM":  15536,
        "PM":  2420736,
        "SI":  0,
        "VM":  2203416576000,
        "WS":  12832768
    },
    {
        "StartTime":  null,
        "Handles":  198,
        "Name":  "svchost",
        "NPM":  9704,
        "PM":  1933312,
        "SI":  0,
        "VM":  2203393572864,
        "WS":  7548928
    },
    {
        "StartTime":  null,
        "Handles":  173,
        "Name":  "svchost",
        "NPM":  10040,
        "PM":  1941504,
        "SI":  0,
        "VM":  2203444465664,
        "WS":  7888896
    },
    {
        "StartTime":  null,
        "Handles":  186,
        "Name":  "svchost",
        "NPM":  9696,
        "PM":  1961984,
        "SI":  0,
        "VM":  2203393560576,
        "WS":  7376896
    },
    {
        "StartTime":  null,
        "Handles":  332,
        "Name":  "svchost",
        "NPM":  12208,
        "PM":  3592192,
        "SI":  0,
        "VM":  2203409637376,
        "WS":  10346496
    },
    {
        "StartTime":  null,
        "Handles":  133,
        "Name":  "svchost",
        "NPM":  8560,
        "PM":  1486848,
        "SI":  0,
        "VM":  2203387314176,
        "WS":  6569984
    },
    {
        "StartTime":  null,
        "Handles":  342,
        "Name":  "svchost",
        "NPM":  14944,
        "PM":  3887104,
        "SI":  0,
        "VM":  2203404677120,
        "WS":  8855552
    },
    {
        "StartTime":  null,
        "Handles":  426,
        "Name":  "svchost",
        "NPM":  33264,
        "PM":  17268736,
        "SI":  0,
        "VM":  2203454795776,
        "WS":  14770176
    },
    {
        "StartTime":  null,
        "Handles":  403,
        "Name":  "svchost",
        "NPM":  13712,
        "PM":  3309568,
        "SI":  0,
        "VM":  2203416150016,
        "WS":  14004224
    },
    {
        "StartTime":  null,
        "Handles":  235,
        "Name":  "svchost",
        "NPM":  15152,
        "PM":  2662400,
        "SI":  0,
        "VM":  2203414650880,
        "WS":  10338304
    },
    {
        "StartTime":  null,
        "Handles":  402,
        "Name":  "svchost",
        "NPM":  15840,
        "PM":  2772992,
        "SI":  0,
        "VM":  2203403489280,
        "WS":  9789440
    },
    {
        "StartTime":  null,
        "Handles":  506,
        "Name":  "svchost",
        "NPM":  22440,
        "PM":  6291456,
        "SI":  0,
        "VM":  2203440766976,
        "WS":  16834560
    },
    {
        "StartTime":  null,
        "Handles":  184,
        "Name":  "svchost",
        "NPM":  10680,
        "PM":  2043904,
        "SI":  0,
        "VM":  2203399569408,
        "WS":  7663616
    },
    {
        "StartTime":  null,
        "Handles":  380,
        "Name":  "svchost",
        "NPM":  26896,
        "PM":  4784128,
        "SI":  0,
        "VM":  2203486601216,
        "WS":  14139392
    },
    {
        "StartTime":  null,
        "Handles":  179,
        "Name":  "svchost",
        "NPM":  9832,
        "PM":  1937408,
        "SI":  0,
        "VM":  2203397545984,
        "WS":  7938048
    },
    {
        "StartTime":  null,
        "Handles":  724,
        "Name":  "svchost",
        "NPM":  30936,
        "PM":  27463680,
        "SI":  0,
        "VM":  2203543322624,
        "WS":  35708928
    },
    {
        "StartTime":  null,
        "Handles":  367,
        "Name":  "svchost",
        "NPM":  20696,
        "PM":  43974656,
        "SI":  0,
        "VM":  2203569766400,
        "WS":  40259584
    },
    {
        "StartTime":  null,
        "Handles":  137,
        "Name":  "svchost",
        "NPM":  8560,
        "PM":  1597440,
        "SI":  0,
        "VM":  2203395817472,
        "WS":  6479872
    },
    {
        "StartTime":  null,
        "Handles":  267,
        "Name":  "svchost",
        "NPM":  13864,
        "PM":  2719744,
        "SI":  0,
        "VM":  2203396243456,
        "WS":  7385088
    },
    {
        "StartTime":  null,
        "Handles":  367,
        "Name":  "svchost",
        "NPM":  16856,
        "PM":  2740224,
        "SI":  0,
        "VM":  2204476022784,
        "WS":  9543680
    },
    {
        "StartTime":  null,
        "Handles":  213,
        "Name":  "svchost",
        "NPM":  11968,
        "PM":  2461696,
        "SI":  0,
        "VM":  2203402825728,
        "WS":  8663040
    },
    {
        "StartTime":  null,
        "Handles":  144,
        "Name":  "svchost",
        "NPM":  9552,
        "PM":  1613824,
        "SI":  0,
        "VM":  2203390849024,
        "WS":  6270976
    },
    {
        "StartTime":  null,
        "Handles":  187,
        "Name":  "svchost",
        "NPM":  10424,
        "PM":  1978368,
        "SI":  0,
        "VM":  2203402932224,
        "WS":  8032256
    },
    {
        "StartTime":  null,
        "Handles":  152,
        "Name":  "svchost",
        "NPM":  7648,
        "PM":  1343488,
        "SI":  0,
        "VM":  2203387031552,
        "WS":  5455872
    },
    {
        "StartTime":  null,
        "Handles":  398,
        "Name":  "svchost",
        "NPM":  18808,
        "PM":  4575232,
        "SI":  0,
        "VM":  2203440017408,
        "WS":  19599360
    },
    {
        "StartTime":  null,
        "Handles":  117,
        "Name":  "svchost",
        "NPM":  7472,
        "PM":  1314816,
        "SI":  0,
        "VM":  2203386281984,
        "WS":  5337088
    },
    {
        "StartTime":  null,
        "Handles":  388,
        "Name":  "svchost",
        "NPM":  23888,
        "PM":  3534848,
        "SI":  0,
        "VM":  2203416616960,
        "WS":  11419648
    },
    {
        "StartTime":  null,
        "Handles":  303,
        "Name":  "svchost",
        "NPM":  12504,
        "PM":  3891200,
        "SI":  0,
        "VM":  2203424702464,
        "WS":  17395712
    },
    {
        "StartTime":  null,
        "Handles":  165,
        "Name":  "svchost",
        "NPM":  12296,
        "PM":  1712128,
        "SI":  0,
        "VM":  2203384561664,
        "WS":  6946816
    },
    {
        "StartTime":  null,
        "Handles":  200,
        "Name":  "svchost",
        "NPM":  15224,
        "PM":  6381568,
        "SI":  0,
        "VM":  2203545608192,
        "WS":  9424896
    },
    {
        "StartTime":  "\/Date(1766622697783)\/",
        "Handles":  494,
        "Name":  "svchost",
        "NPM":  20904,
        "PM":  12718080,
        "SI":  1,
        "VM":  2203488616448,
        "WS":  27570176
    },
    {
        "StartTime":  null,
        "Handles":  123,
        "Name":  "svchost",
        "NPM":  7728,
        "PM":  1314816,
        "SI":  0,
        "VM":  2203387584512,
        "WS":  5251072
    },
    {
        "StartTime":  "\/Date(1766622697938)\/",
        "Handles":  468,
        "Name":  "svchost",
        "NPM":  21112,
        "PM":  8622080,
        "SI":  1,
        "VM":  2203520987136,
        "WS":  23990272
    },
    {
        "StartTime":  null,
        "Handles":  174,
        "Name":  "svchost",
        "NPM":  9368,
        "PM":  1830912,
        "SI":  0,
        "VM":  2203393503232,
        "WS":  7659520
    },
    {
        "StartTime":  "\/Date(1766622707623)\/",
        "Handles":  308,
        "Name":  "svchost",
        "NPM":  16040,
        "PM":  3911680,
        "SI":  1,
        "VM":  2203483299840,
        "WS":  15679488
    },
    {
        "StartTime":  null,
        "Handles":  395,
        "Name":  "svchost",
        "NPM":  20352,
        "PM":  5017600,
        "SI":  0,
        "VM":  2203438202880,
        "WS":  15405056
    },
    {
        "StartTime":  null,
        "Handles":  224,
        "Name":  "svchost",
        "NPM":  11264,
        "PM":  2117632,
        "SI":  0,
        "VM":  2203398844416,
        "WS":  7778304
    },
    {
        "StartTime":  null,
        "Handles":  169,
        "Name":  "svchost",
        "NPM":  11824,
        "PM":  2318336,
        "SI":  0,
        "VM":  2203405975552,
        "WS":  9203712
    },
    {
        "StartTime":  null,
        "Handles":  191,
        "Name":  "svchost",
        "NPM":  12376,
        "PM":  2486272,
        "SI":  0,
        "VM":  2203407056896,
        "WS":  9674752
    },
    {
        "StartTime":  null,
        "Handles":  458,
        "Name":  "svchost",
        "NPM":  16696,
        "PM":  5251072,
        "SI":  0,
        "VM":  2203435995136,
        "WS":  17010688
    },
    {
        "StartTime":  null,
        "Handles":  201,
        "Name":  "svchost",
        "NPM":  12080,
        "PM":  5451776,
        "SI":  0,
        "VM":  2203420782592,
        "WS":  11378688
    },
    {
        "StartTime":  null,
        "Handles":  190,
        "Name":  "svchost",
        "NPM":  11672,
        "PM":  2355200,
        "SI":  0,
        "VM":  2203400646656,
        "WS":  8982528
    },
    {
        "StartTime":  null,
        "Handles":  218,
        "Name":  "svchost",
        "NPM":  8016,
        "PM":  1667072,
        "SI":  0,
        "VM":  2203388407808,
        "WS":  7438336
    },
    {
        "StartTime":  null,
        "Handles":  227,
        "Name":  "svchost",
        "NPM":  16920,
        "PM":  2117632,
        "SI":  0,
        "VM":  2203396710400,
        "WS":  7806976
    },
    {
        "StartTime":  null,
        "Handles":  229,
        "Name":  "svchost",
        "NPM":  10944,
        "PM":  2052096,
        "SI":  0,
        "VM":  2203404861440,
        "WS":  10539008
    },
    {
        "StartTime":  null,
        "Handles":  351,
        "Name":  "svchost",
        "NPM":  12312,
        "PM":  4833280,
        "SI":  0,
        "VM":  2203413536768,
        "WS":  11153408
    },
    {
        "StartTime":  null,
        "Handles":  566,
        "Name":  "svchost",
        "NPM":  30648,
        "PM":  35151872,
        "SI":  0,
        "VM":  2237938614272,
        "WS":  66637824
    },
    {
        "StartTime":  null,
        "Handles":  297,
        "Name":  "svchost",
        "NPM":  14408,
        "PM":  3637248,
        "SI":  0,
        "VM":  2203425865728,
        "WS":  15970304
    },
    {
        "StartTime":  null,
        "Handles":  326,
        "Name":  "svchost",
        "NPM":  19104,
        "PM":  4235264,
        "SI":  0,
        "VM":  2203423670272,
        "WS":  16363520
    },
    {
        "StartTime":  "\/Date(1766622817995)\/",
        "Handles":  452,
        "Name":  "svchost",
        "NPM":  25520,
        "PM":  5582848,
        "SI":  1,
        "VM":  2203588964352,
        "WS":  15142912
    },
    {
        "StartTime":  null,
        "Handles":  254,
        "Name":  "svchost",
        "NPM":  13416,
        "PM":  3235840,
        "SI":  0,
        "VM":  2203420270592,
        "WS":  14118912
    },
    {
        "StartTime":  null,
        "Handles":  127,
        "Name":  "svchost",
        "NPM":  7744,
        "PM":  1413120,
        "SI":  0,
        "VM":  2203386630144,
        "WS":  6643712
    },
    {
        "StartTime":  null,
        "Handles":  123,
        "Name":  "svchost",
        "NPM":  7200,
        "PM":  2547712,
        "SI":  0,
        "VM":  2203387719680,
        "WS":  8151040
    },
    {
        "StartTime":  null,
        "Handles":  5171,
        "Name":  "System",
        "NPM":  272,
        "PM":  200704,
        "SI":  0,
        "VM":  4005888,
        "WS":  147456
    },
    {
        "StartTime":  "\/Date(1766622698361)\/",
        "Handles":  314,
        "Name":  "taskhostw",
        "NPM":  33960,
        "PM":  7163904,
        "SI":  1,
        "VM":  2203528626176,
        "WS":  12419072
    },
    {
        "StartTime":  "\/Date(1766635139815)\/",
        "Handles":  173,
        "Name":  "tasklist",
        "NPM":  11936,
        "PM":  2711552,
        "SI":  1,
        "VM":  2203418832896,
        "WS":  10743808
    },
    {
        "StartTime":  "\/Date(1766622720656)\/",
        "Handles":  581,
        "Name":  "TextInputHost",
        "NPM":  27016,
        "PM":  15343616,
        "SI":  1,
        "VM":  2203678543872,
        "WS":  11038720
    },
    {
        "StartTime":  null,
        "Handles":  179,
        "Name":  "TiWorker",
        "NPM":  11824,
        "PM":  4026368,
        "SI":  0,
        "VM":  2203414081536,
        "WS":  11845632
    },
    {
        "StartTime":  null,
        "Handles":  146,
        "Name":  "TrustedInstaller",
        "NPM":  9104,
        "PM":  2080768,
        "SI":  0,
        "VM":  2203390488576,
        "WS":  7995392
    },
    {
        "StartTime":  "\/Date(1766622726447)\/",
        "Handles":  135,
        "Name":  "UserOOBEBroker",
        "NPM":  10328,
        "PM":  1961984,
        "SI":  1,
        "VM":  2203416428544,
        "WS":  4038656
    },
    {
        "StartTime":  null,
        "Handles":  175,
        "Name":  "vmcompute",
        "NPM":  9496,
        "PM":  2244608,
        "SI":  0,
        "VM":  2203385536512,
        "WS":  11976704
    },
    {
        "StartTime":  null,
        "Handles":  564,
        "Name":  "vmms",
        "NPM":  23744,
        "PM":  40968192,
        "SI":  0,
        "VM":  2203480539136,
        "WS":  27803648
    },
    {
        "StartTime":  "\/Date(1766623128356)\/",
        "Handles":  1613,
        "Name":  "WhatsApp.Root",
        "NPM":  165400,
        "PM":  91635712,
        "SI":  1,
        "VM":  2533087711232,
        "WS":  132321280
    },
    {
        "StartTime":  null,
        "Handles":  168,
        "Name":  "wininit",
        "NPM":  11240,
        "PM":  1421312,
        "SI":  0,
        "VM":  2203387846656,
        "WS":  5578752
    },
    {
        "StartTime":  null,
        "Handles":  286,
        "Name":  "winlogon",
        "NPM":  13824,
        "PM":  3878912,
        "SI":  1,
        "VM":  2203426738176,
        "WS":  10551296
    },
    {
        "StartTime":  null,
        "Handles":  359,
        "Name":  "WmiPrvSE",
        "NPM":  17448,
        "PM":  13406208,
        "SI":  0,
        "VM":  2203427348480,
        "WS":  22183936
    },
    {
        "StartTime":  null,
        "Handles":  191,
        "Name":  "WmiPrvSE",
        "NPM":  10872,
        "PM":  2600960,
        "SI":  0,
        "VM":  2203395858432,
        "WS":  9592832
    },
    {
        "StartTime":  null,
        "Handles":  449,
        "Name":  "wslservice",
        "NPM":  20208,
        "PM":  5373952,
        "SI":  0,
        "VM":  2203462365184,
        "WS":  21708800
    },
    {
        "StartTime":  null,
        "Handles":  261,
        "Name":  "WUDFHost",
        "NPM":  10992,
        "PM":  2007040,
        "SI":  0,
        "VM":  2203403431936,
        "WS":  6860800
    }
]
