[
    {
        "DisplayName":  "Arduino IDE 2.3.7",
        "DisplayVersion":  "2.3.7",
        "Publisher":  "Arduino SA",
        "InstallDate":  null
    },
    {
        "DisplayName":  null,
        "DisplayVersion":  null,
        "Publisher":  null,
        "InstallDate":  null
    },
    {
        "DisplayName":  "Docker Desktop",
        "DisplayVersion":  "4.55.0",
        "Publisher":  "Docker Inc.",
        "InstallDate":  null
    },
    {
        "DisplayName":  "Git",
        "DisplayVersion":  "2.51.2",
        "Publisher":  "The Git Development Community",
        "InstallDate":  "20251117"
    },
    {
        "DisplayName":  "Google Play Games",
        "DisplayVersion":  "25.12.11.0",
        "Publisher":  "Google LLC",
        "InstallDate":  null
    },
    {
        "DisplayName":  "LibrePCB 1.3.0",
        "DisplayVersion":  "1.3.0",
        "Publisher":  "LibrePCB Developers",
        "InstallDate":  "20251208"
    },
    {
        "DisplayName":  "Mozilla Firefox (x64 en-US)",
        "DisplayVersion":  "146.0",
        "Publisher":  "Mozilla",
        "InstallDate":  null
    },
    {
        "DisplayName":  "Mozilla Maintenance Service",
        "DisplayVersion":  "84.0.1",
        "Publisher":  "Mozilla",
        "InstallDate":  null
    },
    {
        "DisplayName":  null,
        "DisplayVersion":  null,
        "Publisher":  "Microsoft Corporation",
        "InstallDate":  null
    },
    {
        "DisplayName":  null,
        "DisplayVersion":  null,
        "Publisher":  "Microsoft Corporation",
        "InstallDate":  null
    },
    {
        "DisplayName":  "Microsoft Office Professional Plus 2019 - en-us",
        "DisplayVersion":  "16.0.10417.20080",
        "Publisher":  "Microsoft Corporation",
        "InstallDate":  null
    },
    {
        "DisplayName":  null,
        "DisplayVersion":  null,
        "Publisher":  "Microsoft Corporation",
        "InstallDate":  null
    },
    {
        "DisplayName":  "VLC media player",
        "DisplayVersion":  "3.0.22",
        "Publisher":  "VideoLAN",
        "InstallDate":  null
    },
    {
        "DisplayName":  null,
        "DisplayVersion":  null,
        "Publisher":  null,
        "InstallDate":  null
    },
    {
        "DisplayName":  "WinRAR 7.13 (64-bit)",
        "DisplayVersion":  "7.13.0",
        "Publisher":  "win.rar GmbH",
        "InstallDate":  null
    },
    {
        "DisplayName":  "Python 3.13.11 pip Bootstrap (64-bit)",
        "DisplayVersion":  "3.13.11150.0",
        "Publisher":  "Python Software Foundation",
        "InstallDate":  "20251214"
    },
    {
        "DisplayName":  "Python 3.14.2 Freethreaded Interpreter (64-bit)",
        "DisplayVersion":  "3.14.2150.0",
        "Publisher":  "Python Software Foundation",
        "InstallDate":  "20251214"
    },
    {
        "DisplayName":  "Microsoft Update Health Tools",
        "DisplayVersion":  "3.74.0.0",
        "Publisher":  "Microsoft Corporation",
        "InstallDate":  "20240601"
    },
    {
        "DisplayName":  "Python 3.13.11 Development Libraries (64-bit)",
        "DisplayVersion":  "3.13.11150.0",
        "Publisher":  "Python Software Foundation",
        "InstallDate":  "20251214"
    },
    {
        "DisplayName":  "Python 3.13.11 Executables (64-bit)",
        "DisplayVersion":  "3.13.11150.0",
        "Publisher":  "Python Software Foundation",
        "InstallDate":  "20251214"
    },
    {
        "DisplayName":  "Python 3.13.11 Standard Library (64-bit)",
        "DisplayVersion":  "3.13.11150.0",
        "Publisher":  "Python Software Foundation",
        "InstallDate":  "20251214"
    },
    {
        "DisplayName":  "Python 3.14.0 Tcl/Tk Support (64-bit symbols)",
        "DisplayVersion":  "3.14.150.0",
        "Publisher":  "Python Software Foundation",
        "InstallDate":  "20251027"
    },
    {
        "DisplayName":  "Python 3.14.2 Executables (64-bit)",
        "DisplayVersion":  "3.14.2150.0",
        "Publisher":  "Python Software Foundation",
        "InstallDate":  "20251214"
    },
    {
        "DisplayName":  "Python 3.14.2 Core Interpreter (64-bit symbols)",
        "DisplayVersion":  "3.14.2150.0",
        "Publisher":  "Python Software Foundation",
        "InstallDate":  "20251214"
    },
    {
        "DisplayName":  "Python 3.14.2 Freethreaded Interpreter (64-bit debug)",
        "DisplayVersion":  "3.14.2150.0",
        "Publisher":  "Python Software Foundation",
        "InstallDate":  "20251214"
    },
    {
        "DisplayName":  "Python 3.14.0 Tcl/Tk Support (64-bit)",
        "DisplayVersion":  "3.14.150.0",
        "Publisher":  "Python Software Foundation",
        "InstallDate":  "20251027"
    },
    {
        "DisplayName":  "Microsoft Visual C++ 2022 X64 Minimum Runtime - 14.50.35719",
        "DisplayVersion":  "14.50.35719",
        "Publisher":  "Microsoft Corporation",
        "InstallDate":  "20251214"
    },
    {
        "DisplayName":  "Python 3.13.11 Core Interpreter (64-bit)",
        "DisplayVersion":  "3.13.11150.0",
        "Publisher":  "Python Software Foundation",
        "InstallDate":  "20251214"
    },
    {
        "DisplayName":  "Node.js",
        "DisplayVersion":  "24.12.0",
        "Publisher":  "Node.js Foundation",
        "InstallDate":  "20251214"
    },
    {
        "DisplayName":  "Python 3.14.0 pip Bootstrap (64-bit)",
        "DisplayVersion":  "3.14.150.0",
        "Publisher":  "Python Software Foundation",
        "InstallDate":  "20251027"
    },
    {
        "DisplayName":  "Python 3.14.2 Executables (64-bit debug)",
        "DisplayVersion":  "3.14.2150.0",
        "Publisher":  "Python Software Foundation",
        "InstallDate":  "20251214"
    },
    {
        "DisplayName":  "Python 3.14.0 Add to Path (64-bit)",
        "DisplayVersion":  "3.14.150.0",
        "Publisher":  "Python Software Foundation",
        "InstallDate":  "20251027"
    },
    {
        "DisplayName":  "Python 3.14.2 Standard Library (64-bit symbols)",
        "DisplayVersion":  "3.14.2150.0",
        "Publisher":  "Python Software Foundation",
        "InstallDate":  "20251214"
    },
    {
        "DisplayName":  "Python 3.14.2 Development Libraries (64-bit)",
        "DisplayVersion":  "3.14.2150.0",
        "Publisher":  "Python Software Foundation",
        "InstallDate":  "20251214"
    },
    {
        "DisplayName":  "Python 3.14.2 Core Interpreter (64-bit debug)",
        "DisplayVersion":  "3.14.2150.0",
        "Publisher":  "Python Software Foundation",
        "InstallDate":  "20251214"
    },
    {
        "DisplayName":  "Python 3.14.2 Freethreaded Interpreter (64-bit symbols)",
        "DisplayVersion":  "3.14.2150.0",
        "Publisher":  "Python Software Foundation",
        "InstallDate":  "20251214"
    },
    {
        "DisplayName":  "Python 3.14.2 Executables (64-bit symbols)",
        "DisplayVersion":  "3.14.2150.0",
        "Publisher":  "Python Software Foundation",
        "InstallDate":  "20251214"
    },
    {
        "DisplayName":  "Office 16 Click-to-Run Licensing Component",
        "DisplayVersion":  "16.0.10417.20080",
        "Publisher":  "Microsoft Corporation",
        "InstallDate":  "20251216"
    },
    {
        "DisplayName":  "Office 16 Click-to-Run Extensibility Component",
        "DisplayVersion":  "16.0.10417.20080",
        "Publisher":  "Microsoft Corporation",
        "InstallDate":  "20251216"
    },
    {
        "DisplayName":  "Office 16 Click-to-Run Localization Component",
        "DisplayVersion":  "16.0.10417.20080",
        "Publisher":  "Microsoft Corporation",
        "InstallDate":  "20251216"
    },
    {
        "DisplayName":  "Python 3.14.0 Documentation (64-bit)",
        "DisplayVersion":  "3.14.150.0",
        "Publisher":  "Python Software Foundation",
        "InstallDate":  "20251027"
    },
    {
        "DisplayName":  "Python 3.14.0 Test Suite (64-bit symbols)",
        "DisplayVersion":  "3.14.150.0",
        "Publisher":  "Python Software Foundation",
        "InstallDate":  "20251027"
    },
    {
        "DisplayName":  "Microsoft Visual C++ 2022 X64 Additional Runtime - 14.50.35719",
        "DisplayVersion":  "14.50.35719",
        "Publisher":  "Microsoft Corporation",
        "InstallDate":  "20251214"
    },
    {
        "DisplayName":  "Python 3.14.0 Tcl/Tk Support (64-bit debug)",
        "DisplayVersion":  "3.14.150.0",
        "Publisher":  "Python Software Foundation",
        "InstallDate":  "20251027"
    },
    {
        "DisplayName":  "Python 3.13.11 Tcl/Tk Support (64-bit)",
        "DisplayVersion":  "3.13.11150.0",
        "Publisher":  "Python Software Foundation",
        "InstallDate":  "20251214"
    },
    {
        "DisplayName":  "Python 3.14.0 Test Suite (64-bit)",
        "DisplayVersion":  "3.14.150.0",
        "Publisher":  "Python Software Foundation",
        "InstallDate":  "20251027"
    },
    {
        "DisplayName":  "Windows Subsystem for Linux",
        "DisplayVersion":  "2.6.3.0",
        "Publisher":  "Microsoft Corporation",
        "InstallDate":  "20251224"
    },
    {
        "DisplayName":  "Update for x64-based Windows Systems (KB5001716)",
        "DisplayVersion":  "8.94.0.0",
        "Publisher":  "Microsoft Corporation",
        "InstallDate":  "20251025"
    },
    {
        "DisplayName":  "Python 3.14.0 Test Suite (64-bit debug)",
        "DisplayVersion":  "3.14.150.0",
        "Publisher":  "Python Software Foundation",
        "InstallDate":  "20251027"
    },
    {
        "DisplayName":  "Python 3.13.11 Test Suite (64-bit)",
        "DisplayVersion":  "3.13.11150.0",
        "Publisher":  "Python Software Foundation",
        "InstallDate":  "20251214"
    },
    {
        "DisplayName":  "Python 3.13.11 Documentation (64-bit)",
        "DisplayVersion":  "3.13.11150.0",
        "Publisher":  "Python Software Foundation",
        "InstallDate":  "20251214"
    },
    {
        "DisplayName":  "Python 3.14.2 Standard Library (64-bit debug)",
        "DisplayVersion":  "3.14.2150.0",
        "Publisher":  "Python Software Foundation",
        "InstallDate":  "20251214"
    },
    {
        "DisplayName":  "Python 3.14.2 Development Libraries (64-bit debug)",
        "DisplayVersion":  "3.14.2150.0",
        "Publisher":  "Python Software Foundation",
        "InstallDate":  "20251214"
    },
    {
        "DisplayName":  "Python 3.14.2 Core Interpreter (64-bit)",
        "DisplayVersion":  "3.14.2150.0",
        "Publisher":  "Python Software Foundation",
        "InstallDate":  "20251214"
    },
    {
        "DisplayName":  "Python 3.14.2 Standard Library (64-bit)",
        "DisplayVersion":  "3.14.2150.0",
        "Publisher":  "Python Software Foundation",
        "InstallDate":  "20251214"
    }
]
