{
    "Status":  "OK",
    "Name":  "Microsoft Windows 10 Pro|C:\\Windows|\\Device\\Harddisk0\\Partition3",
    "FreePhysicalMemory":  1017600,
    "FreeSpaceInPagingFiles":  5788660,
    "FreeVirtualMemory":  2273644,
    "Caption":  "Microsoft Windows 10 Pro",
    "Description":  "",
    "InstallDate":  "\/Date(1717013555000)\/",
    "CreationClassName":  "Win32_OperatingSystem",
    "CSCreationClassName":  "Win32_ComputerSystem",
    "CSName":  "<HOST>",
    "CurrentTimeZone":  -300,
    "Distributed":  false,
    "LastBootUpTime":  "\/Date(1766622668500)\/",
    "LocalDateTime":  "\/Date(1766635136251)\/",
    "MaxNumberOfProcesses":  4294967295,
    "MaxProcessMemorySize":  137438953344,
    "NumberOfLicensedUsers":  null,
    "NumberOfProcesses":  259,
    "NumberOfUsers":  2,
    "OSType":  18,
    "OtherTypeDescription":  null,
    "SizeStoredInPagingFiles":  7252252,
    "TotalSwapSpaceSize":  null,
    "TotalVirtualMemorySize":  14558868,
    "TotalVisibleMemorySize":  7306616,
    "Version":  "10.0.19045",
    "BootDevice":  "\\Device\\HarddiskVolume1",
    "BuildNumber":  "19045",
    "BuildType":  "Multiprocessor Free",
    "CodeSet":  "1252",
    "CountryCode":  "1",
    "CSDVersion":  null,
    "DataExecutionPrevention_32BitApplications":  true,
    "DataExecutionPrevention_Available":  true,
    "DataExecutionPrevention_Drivers":  true,
    "DataExecutionPrevention_SupportPolicy":  2,
    "Debug":  false,
    "EncryptionLevel":  256,
    "ForegroundApplicationBoost":  2,
    "LargeSystemCache":  null,
    "Locale":  "0409",
    "Manufacturer":  "Microsoft Corporation",
    "MUILanguages":  [
                         "en-US"
                     ],
    "OperatingSystemSKU":  48,
    "Organization":  "",
    "OSArchitecture":  "64-bit",
    "OSLanguage":  1033,
    "OSProductSuite":  256,
    "PAEEnabled":  null,
    "PlusProductID":  null,
    "PlusVersionNumber":  null,
    "PortableOperatingSystem":  false,
    "Primary":  true,
    "ProductType":  1,
    "RegisteredUser":  "cw",
    "SerialNumber":  "00331-10000-00001-AA658",
    "ServicePackMajorVersion":  0,
    "ServicePackMinorVersion":  0,
    "SuiteMask":  272,
    "SystemDevice":  "\\Device\\HarddiskVolume3",
    "SystemDirectory":  "C:\\Windows\\system32",
    "SystemDrive":  "C:",
    "WindowsDirectory":  "C:\\Windows",
    "PSComputerName":  null
}
