{
    "Availability":  3,
    "CpuStatus":  1,
    "CurrentVoltage":  11,
    "DeviceID":  "CPU0",
    "ErrorCleared":  null,
    "ErrorDescription":  null,
    "LastErrorCode":  null,
    "LoadPercentage":  100,
    "Status":  "OK",
    "StatusInfo":  3,
    "AddressWidth":  64,
    "DataWidth":  64,
    "ExtClock":  100,
    "L2CacheSize":  1024,
    "L2CacheSpeed":  null,
    "MaxClockSpeed":  2600,
    "PowerManagementSupported":  false,
    "ProcessorType":  3,
    "Revision":  28672,
    "SocketDesignation":  "Socket FT4",
    "Version":  "Model 0, Stepping 0",
    "VoltageCaps":  null,
    "Caption":  "AMD64 Family 21 Model 112 Stepping 0",
    "Description":  "AMD64 Family 21 Model 112 Stepping 0",
    "InstallDate":  null,
    "Name":  "AMD A6-9225 RADEON R4, 5 COMPUTE CORES 2C+3G   ",
    "ConfigManagerErrorCode":  null,
    "ConfigManagerUserConfig":  null,
    "CreationClassName":  "Win32_Processor",
    "PNPDeviceID":  null,
    "PowerManagementCapabilities":  null,
    "SystemCreationClassName":  "Win32_ComputerSystem",
    "SystemName":  "<HOST>",
    "CurrentClockSpeed":  2400,
    "Family":  72,
    "OtherFamilyDescription":  null,
    "Role":  "CPU",
    "Stepping":  "0",
    "UniqueId":  null,
    "UpgradeMethod":  6,
    "Architecture":  9,
    "AssetTag":  "Unknown",
    "Characteristics":  4,
    "L3CacheSize":  0,
    "L3CacheSpeed":  0,
    "Level":  21,
    "Manufacturer":  "AuthenticAMD",
    "NumberOfCores":  2,
    "NumberOfEnabledCore":  2,
    "NumberOfLogicalProcessors":  2,
    "PartNumber":  "Unknown",
    "ProcessorId":  "178BFBFF00670F00",
    "SecondLevelAddressTranslationExtensions":  false,
    "SerialNumber":  "Unknown",
    "ThreadCount":  2,
    "VirtualizationFirmwareEnabled":  true,
    "VMMonitorModeExtensions":  false,
    "PSComputerName":  null
}
