{
    "Status":  "OK",
    "Name":  "Base Board",
    "PoweredOn":  true,
    "Caption":  "Base Board",
    "Description":  "Base Board",
    "InstallDate":  null,
    "CreationClassName":  "Win32_BaseBoard",
    "Manufacturer":  "LENOVO",
    "Model":  null,
    "OtherIdentifyingInfo":  null,
    "PartNumber":  null,
    "SerialNumber":  "MP1RT8CY",
    "SKU":  null,
    "Tag":  "Base Board",
    "Version":  "No DPK",
    "Depth":  null,
    "Height":  null,
    "HotSwappable":  false,
    "Removable":  false,
    "Replaceable":  true,
    "Weight":  null,
    "Width":  null,
    "HostingBoard":  true,
    "RequirementsDescription":  null,
    "RequiresDaughterBoard":  false,
    "SlotLayout":  null,
    "SpecialRequirements":  null,
    "ConfigOptions":  [
                          "String1 for Type12 Equipment Manufacturer",
                          "String2 for Type12 Equipment Manufacturer",
                          "String3 for Type12 Equipment Manufacturer",
                          "String4 for Type12 Equipment Manufacturer"
                      ],
    "Product":  "LNVNB161216",
    "PSComputerName":  null
}
