{
    "AdminPasswordStatus":  0,
    "BootupState":  "Normal boot",
    "ChassisBootupState":  3,
    "KeyboardPasswordStatus":  0,
    "PowerOnPasswordStatus":  0,
    "PowerSupplyState":  3,
    "PowerState":  0,
    "FrontPanelResetStatus":  0,
    "ThermalState":  3,
    "Status":  "OK",
    "Name":  "<HOST>",
    "PowerManagementCapabilities":  null,
    "PowerManagementSupported":  null,
    "Caption":  "<HOST>",
    "Description":  "AT/AT COMPATIBLE",
    "InstallDate":  null,
    "CreationClassName":  "Win32_ComputerSystem",
    "NameFormat":  null,
    "PrimaryOwnerContact":  null,
    "PrimaryOwnerName":  "cw",
    "Roles":  [
                  "LM_Workstation",
                  "LM_Server",
                  "NT"
              ],
    "InitialLoadInfo":  null,
    "LastLoadInfo":  null,
    "ResetCapability":  1,
    "AutomaticManagedPagefile":  true,
    "AutomaticResetBootOption":  true,
    "AutomaticResetCapability":  true,
    "BootOptionOnLimit":  null,
    "BootOptionOnWatchDog":  null,
    "BootROMSupported":  true,
    "BootStatus":  [
                       0,
                       0,
                       0,
                       0,
                       0,
                       0,
                       0,
                       0,
                       0,
                       0
                   ],
    "ChassisSKUNumber":  "Chassis SKU",
    "CurrentTimeZone":  -300,
    "DaylightInEffect":  false,
    "DNSHostName":  "<HOST>",
    "Domain":  "WORKGROUP",
    "DomainRole":  0,
    "EnableDaylightSavingsTime":  true,
    "HypervisorPresent":  true,
    "InfraredSupported":  false,
    "Manufacturer":  "LENOVO",
    "Model":  "81MT",
    "NetworkServerModeEnabled":  true,
    "NumberOfLogicalProcessors":  2,
    "NumberOfProcessors":  1,
    "OEMStringArray":  [
                           "String1 for Original Equipment Manufacturer",
                           "String2 for Original Equipment Manufacturer",
                           "String3 for Original Equipment Manufacturer",
                           "String4 for Original Equipment Manufacturer",
                           "String5 for Original Equipment Manufacturer"
                       ],
    "PartOfDomain":  false,
    "PauseAfterReset":  -1,
    "PCSystemType":  2,
    "PCSystemTypeEx":  2,
    "ResetCount":  -1,
    "ResetLimit":  -1,
    "SupportContactDescription":  null,
    "SystemFamily":  "V145-15AST",
    "SystemSKUNumber":  "LENOVO_MT_81MT_BU_idea_FM_V145-15AST",
    "SystemStartupDelay":  null,
    "SystemStartupOptions":  null,
    "SystemStartupSetting":  null,
    "SystemType":  "x64-based PC",
    "TotalPhysicalMemory":  7481974784,
    "UserName":  "<HOST>\\cw",
    "WakeUpType":  6,
    "Workgroup":  "WORKGROUP",
    "PSComputerName":  null
}
